image_id,severity,image_path,width,height,laplacian_var,n_gt,n_pred,tp,fp,fn,recall_at_025,mean_conf
000000000009,0,outputs\conditions\severity_0\images\val\000000000009.png,640,480,1722.036346171697,8,6,4,2,4,0.5,0.5564799557129542
000000000009,1,outputs\conditions\severity_1\images\val\000000000009.png,640,480,360.34116791241973,8,5,1,4,7,0.125,0.44253913760185243
000000000009,2,outputs\conditions\severity_2\images\val\000000000009.png,640,480,192.25478797352054,8,4,1,3,7,0.125,0.44468384981155396
000000000009,3,outputs\conditions\severity_3\images\val\000000000009.png,640,480,104.4760809834798,8,6,3,3,5,0.375,0.3993533104658127
000000000009,4,outputs\conditions\severity_4\images\val\000000000009.png,640,480,83.77791953493755,8,2,0,2,8,0.0,0.46543483436107635
000000000009,5,outputs\conditions\severity_5\images\val\000000000009.png,640,480,73.55171144099768,8,1,0,1,8,0.0,0.5604191422462463
000000000025,0,outputs\conditions\severity_0\images\val\000000000025.png,640,426,5758.149323623423,2,2,2,0,0,1.0,0.6183333843946457
000000000025,1,outputs\conditions\severity_1\images\val\000000000025.png,640,426,801.892664559453,2,2,1,1,1,0.5,0.6021874397993088
000000000025,2,outputs\conditions\severity_2\images\val\000000000025.png,640,426,845.4628926621151,2,1,1,0,1,0.5,0.6031835675239563
000000000025,3,outputs\conditions\severity_3\images\val\000000000025.png,640,426,392.05730716672286,2,1,0,1,2,0.0,0.278058797121048
000000000025,4,outputs\conditions\severity_4\images\val\000000000025.png,640,426,223.15618766560178,2,0,0,0,2,0.0,
000000000025,5,outputs\conditions\severity_5\images\val\000000000025.png,640,426,211.23561008873025,2,0,0,0,2,0.0,
000000000030,0,outputs\conditions\severity_0\images\val\000000000030.png,640,428,613.1784234976319,2,1,1,0,1,0.5,0.8919418454170227
000000000030,1,outputs\conditions\severity_1\images\val\000000000030.png,640,428,159.68609796957696,2,1,0,1,2,0.0,0.4362056851387024
000000000030,2,outputs\conditions\severity_2\images\val\000000000030.png,640,428,56.07857375600179,2,1,0,1,2,0.0,0.732232391834259
000000000030,3,outputs\conditions\severity_3\images\val\000000000030.png,640,428,35.80527460008138,2,0,0,0,2,0.0,
000000000030,4,outputs\conditions\severity_4\images\val\000000000030.png,640,428,21.421210256352133,2,0,0,0,2,0.0,
000000000030,5,outputs\conditions\severity_5\images\val\000000000030.png,640,428,18.061674026727818,2,0,0,0,2,0.0,
000000000034,0,outputs\conditions\severity_0\images\val\000000000034.png,640,425,9392.403454367159,1,1,1,0,0,1.0,0.928547739982605
000000000034,1,outputs\conditions\severity_1\images\val\000000000034.png,640,425,2251.091696015341,1,1,1,0,0,1.0,0.9289451837539673
000000000034,2,outputs\conditions\severity_2\images\val\000000000034.png,640,425,748.3448242970912,1,1,1,0,0,1.0,0.9091524481773376
000000000034,3,outputs\conditions\severity_3\images\val\000000000034.png,640,425,480.09526097230486,1,1,1,0,0,1.0,0.9307869076728821
000000000034,4,outputs\conditions\severity_4\images\val\000000000034.png,640,425,316.8323374173335,1,1,1,0,0,1.0,0.8982211947441101
000000000034,5,outputs\conditions\severity_5\images\val\000000000034.png,640,425,267.45577567094233,1,1,0,1,1,0.0,0.3108547329902649
000000000036,0,outputs\conditions\severity_0\images\val\000000000036.png,481,640,2932.844011096127,2,2,2,0,0,1.0,0.8064887821674347
000000000036,1,outputs\conditions\severity_1\images\val\000000000036.png,481,640,418.78309120953656,2,2,2,0,0,1.0,0.8164979517459869
000000000036,2,outputs\conditions\severity_2\images\val\000000000036.png,481,640,263.34885219696525,2,2,2,0,0,1.0,0.8199579417705536
000000000036,3,outputs\conditions\severity_3\images\val\000000000036.png,481,640,145.88642617547592,2,2,2,0,0,1.0,0.7489346861839294
000000000036,4,outputs\conditions\severity_4\images\val\000000000036.png,481,640,122.70786246038347,2,2,2,0,0,1.0,0.8227418065071106
000000000036,5,outputs\conditions\severity_5\images\val\000000000036.png,481,640,85.29484024087358,2,2,2,0,0,1.0,0.6087567210197449
000000000042,0,outputs\conditions\severity_0\images\val\000000000042.png,640,478,523.3088177290313,1,3,1,2,0,1.0,0.36895854274431866
000000000042,1,outputs\conditions\severity_1\images\val\000000000042.png,640,478,105.26645210026629,1,2,0,2,1,0.0,0.41946379840373993
000000000042,2,outputs\conditions\severity_2\images\val\000000000042.png,640,478,80.87302212156361,1,0,0,0,1,0.0,
000000000042,3,outputs\conditions\severity_3\images\val\000000000042.png,640,478,38.22610104458859,1,3,0,3,1,0.0,0.466739555199941
000000000042,4,outputs\conditions\severity_4\images\val\000000000042.png,640,478,32.84114048927823,1,0,0,0,1,0.0,
000000000042,5,outputs\conditions\severity_5\images\val\000000000042.png,640,478,22.646830508329842,1,0,0,0,1,0.0,
000000000049,0,outputs\conditions\severity_0\images\val\000000000049.png,381,500,4662.29201120367,9,10,7,3,2,0.7777777777777778,0.49203439652919767
000000000049,1,outputs\conditions\severity_1\images\val\000000000049.png,381,500,1165.2234361463754,9,3,3,0,6,0.3333333333333333,0.38020695249239606
000000000049,2,outputs\conditions\severity_2\images\val\000000000049.png,381,500,444.44194205341665,9,4,2,2,7,0.2222222222222222,0.3586603254079819
000000000049,3,outputs\conditions\severity_3\images\val\000000000049.png,381,500,209.7623913512858,9,2,1,1,8,0.1111111111111111,0.30809493362903595
000000000049,4,outputs\conditions\severity_4\images\val\000000000049.png,381,500,211.1280827973354,9,0,0,0,9,0.0,
000000000049,5,outputs\conditions\severity_5\images\val\000000000049.png,381,500,117.26111243719733,9,0,0,0,9,0.0,
000000000061,0,outputs\conditions\severity_0\images\val\000000000061.png,640,488,17860.792564923784,5,2,1,1,4,0.2,0.48929502069950104
000000000061,1,outputs\conditions\severity_1\images\val\000000000061.png,640,488,3564.1951185636613,5,0,0,0,5,0.0,
000000000061,2,outputs\conditions\severity_2\images\val\000000000061.png,640,488,1527.6839369537406,5,2,1,1,4,0.2,0.45971184968948364
000000000061,3,outputs\conditions\severity_3\images\val\000000000061.png,640,488,1027.290473492691,5,0,0,0,5,0.0,
000000000061,4,outputs\conditions\severity_4\images\val\000000000061.png,640,488,647.3651347174333,5,0,0,0,5,0.0,
000000000061,5,outputs\conditions\severity_5\images\val\000000000061.png,640,488,545.667416476142,5,0,0,0,5,0.0,
000000000064,0,outputs\conditions\severity_0\images\val\000000000064.png,480,640,2193.4568095885274,4,3,2,1,2,0.5,0.6620030800501505
000000000064,1,outputs\conditions\severity_1\images\val\000000000064.png,480,640,329.601034797499,4,4,2,2,2,0.5,0.5279591977596283
000000000064,2,outputs\conditions\severity_2\images\val\000000000064.png,480,640,230.02892896864157,4,3,2,1,2,0.5,0.5927856067816416
000000000064,3,outputs\conditions\severity_3\images\val\000000000064.png,480,640,120.2743187014156,4,2,1,1,3,0.25,0.5751465559005737
000000000064,4,outputs\conditions\severity_4\images\val\000000000064.png,480,640,94.39341408783594,4,2,1,1,3,0.25,0.5750590115785599
000000000064,5,outputs\conditions\severity_5\images\val\000000000064.png,480,640,61.675233047103866,4,1,1,0,3,0.25,0.7003933191299438
000000000071,0,outputs\conditions\severity_0\images\val\000000000071.png,640,426,2841.5209385886747,16,4,3,1,13,0.1875,0.6060167253017426
000000000071,1,outputs\conditions\severity_1\images\val\000000000071.png,640,426,622.6467180362347,16,3,2,1,14,0.125,0.6219407320022583
000000000071,2,outputs\conditions\severity_2\images\val\000000000071.png,640,426,267.24437443065335,16,4,3,1,13,0.1875,0.4425792843103409
000000000071,3,outputs\conditions\severity_3\images\val\000000000071.png,640,426,149.262920466764,16,3,1,2,15,0.0625,0.5715099275112152
000000000071,4,outputs\conditions\severity_4\images\val\000000000071.png,640,426,109.7235299960759,16,0,0,0,16,0.0,
000000000071,5,outputs\conditions\severity_5\images\val\000000000071.png,640,426,73.16790181243783,16,0,0,0,16,0.0,
000000000072,0,outputs\conditions\severity_0\images\val\000000000072.png,427,640,4762.985016875187,2,3,2,1,0,1.0,0.6390762726465861
000000000072,1,outputs\conditions\severity_1\images\val\000000000072.png,427,640,680.0612130021487,2,2,2,0,0,1.0,0.6304573714733124
000000000072,2,outputs\conditions\severity_2\images\val\000000000072.png,427,640,389.6848661681453,2,1,1,0,1,0.5,0.9269530177116394
000000000072,3,outputs\conditions\severity_3\images\val\000000000072.png,427,640,267.2336809056683,2,1,1,0,1,0.5,0.7811981439590454
000000000072,4,outputs\conditions\severity_4\images\val\000000000072.png,427,640,255.2495133303306,2,0,0,0,2,0.0,
000000000072,5,outputs\conditions\severity_5\images\val\000000000072.png,427,640,126.31958654667524,2,1,0,1,2,0.0,0.3996124267578125
000000000073,0,outputs\conditions\severity_0\images\val\000000000073.png,565,640,10903.977449076916,2,1,1,0,1,0.5,0.8675866723060608
000000000073,1,outputs\conditions\severity_1\images\val\000000000073.png,565,640,1090.1400521073913,2,1,1,0,1,0.5,0.8879505395889282
000000000073,2,outputs\conditions\severity_2\images\val\000000000073.png,565,640,728.1638350913266,2,2,1,1,1,0.5,0.5886053740978241
000000000073,3,outputs\conditions\severity_3\images\val\000000000073.png,565,640,912.1634429141056,2,1,1,0,1,0.5,0.6032330989837646
000000000073,4,outputs\conditions\severity_4\images\val\000000000073.png,565,640,325.72869686893523,2,0,0,0,2,0.0,
000000000073,5,outputs\conditions\severity_5\images\val\000000000073.png,565,640,420.84903385946166,2,0,0,0,2,0.0,
000000000074,0,outputs\conditions\severity_0\images\val\000000000074.png,640,426,951.4765173910389,8,7,6,1,2,0.75,0.5017953600202288
000000000074,1,outputs\conditions\severity_1\images\val\000000000074.png,640,426,177.77238738180256,8,5,4,1,4,0.5,0.48885528445243837
000000000074,2,outputs\conditions\severity_2\images\val\000000000074.png,640,426,111.55894170918046,8,4,3,1,5,0.375,0.5107942596077919
000000000074,3,outputs\conditions\severity_3\images\val\000000000074.png,640,426,57.54670528003649,8,2,1,1,7,0.125,0.3214101344347
000000000074,4,outputs\conditions\severity_4\images\val\000000000074.png,640,426,68.42116710571781,8,2,1,1,7,0.125,0.6109960973262787
000000000074,5,outputs\conditions\severity_5\images\val\000000000074.png,640,426,72.83933354947547,8,2,1,1,7,0.125,0.4566549062728882
000000000077,0,outputs\conditions\severity_0\images\val\000000000077.png,500,375,4501.467276944811,8,7,6,1,2,0.75,0.596277232681002
000000000077,1,outputs\conditions\severity_1\images\val\000000000077.png,500,375,724.9659723064889,8,3,3,0,5,0.375,0.6447503666083018
000000000077,2,outputs\conditions\severity_2\images\val\000000000077.png,500,375,465.07159962382224,8,2,2,0,6,0.25,0.5909848809242249
000000000077,3,outputs\conditions\severity_3\images\val\000000000077.png,500,375,357.2354399200995,8,1,1,0,7,0.125,0.6882564425468445
000000000077,4,outputs\conditions\severity_4\images\val\000000000077.png,500,375,196.59862399590403,8,0,0,0,8,0.0,
000000000077,5,outputs\conditions\severity_5\images\val\000000000077.png,500,375,167.42415466322487,8,0,0,0,8,0.0,
000000000078,0,outputs\conditions\severity_0\images\val\000000000078.png,612,612,1083.5030189851677,1,3,1,2,0,1.0,0.6231772303581238
000000000078,1,outputs\conditions\severity_1\images\val\000000000078.png,612,612,235.06285995786482,1,3,1,2,0,1.0,0.5015129943688711
000000000078,2,outputs\conditions\severity_2\images\val\000000000078.png,612,612,138.07790906088334,1,2,0,2,1,0.0,0.42634953558444977
000000000078,3,outputs\conditions\severity_3\images\val\000000000078.png,612,612,78.26192134403401,1,0,0,0,1,0.0,
000000000078,4,outputs\conditions\severity_4\images\val\000000000078.png,612,612,48.72187674497863,1,1,0,1,1,0.0,0.41625475883483887
000000000078,5,outputs\conditions\severity_5\images\val\000000000078.png,612,612,41.521272986231985,1,1,0,1,1,0.0,0.2652430236339569
000000000081,0,outputs\conditions\severity_0\images\val\000000000081.png,640,425,429.55828235444153,1,1,1,0,0,1.0,0.8921175599098206
000000000081,1,outputs\conditions\severity_1\images\val\000000000081.png,640,425,98.18610247356185,1,1,1,0,0,1.0,0.8854266405105591
000000000081,2,outputs\conditions\severity_2\images\val\000000000081.png,640,425,132.57410638569146,1,1,1,0,0,1.0,0.876183032989502
000000000081,3,outputs\conditions\severity_3\images\val\000000000081.png,640,425,37.115444851846355,1,1,1,0,0,1.0,0.8600238561630249
000000000081,4,outputs\conditions\severity_4\images\val\000000000081.png,640,425,17.292808753460207,1,1,1,0,0,1.0,0.8691706657409668
000000000081,5,outputs\conditions\severity_5\images\val\000000000081.png,640,425,13.811562439324721,1,1,1,0,0,1.0,0.8908900022506714
000000000086,0,outputs\conditions\severity_0\images\val\000000000086.png,512,640,2671.5656322218388,3,3,2,1,1,0.6666666666666666,0.6391944090525309
000000000086,1,outputs\conditions\severity_1\images\val\000000000086.png,512,640,446.042339192992,3,3,1,2,2,0.3333333333333333,0.3508095145225525
000000000086,2,outputs\conditions\severity_2\images\val\000000000086.png,512,640,388.0143310036883,3,2,1,1,2,0.3333333333333333,0.7128913104534149
000000000086,3,outputs\conditions\severity_3\images\val\000000000086.png,512,640,169.4890101057943,3,0,0,0,3,0.0,
000000000086,4,outputs\conditions\severity_4\images\val\000000000086.png,512,640,141.07984065032562,3,2,0,2,3,0.0,0.3517896831035614
000000000086,5,outputs\conditions\severity_5\images\val\000000000086.png,512,640,156.25653682943437,3,1,0,1,3,0.0,0.33583948016166687
000000000089,0,outputs\conditions\severity_0\images\val\000000000089.png,640,480,635.6945455352358,10,10,7,3,3,0.7,0.6335370630025864
000000000089,1,outputs\conditions\severity_1\images\val\000000000089.png,640,480,265.4814780068291,10,7,6,1,4,0.6,0.5438278104577746
000000000089,2,outputs\conditions\severity_2\images\val\000000000089.png,640,480,40.834283440642885,10,5,2,3,8,0.2,0.5455341279506684
000000000089,3,outputs\conditions\severity_3\images\val\000000000089.png,640,480,30.92578069915772,10,1,1,0,9,0.1,0.6276376247406006
000000000089,4,outputs\conditions\severity_4\images\val\000000000089.png,640,480,14.069577865081364,10,1,0,1,10,0.0,0.2541317045688629
000000000089,5,outputs\conditions\severity_5\images\val\000000000089.png,640,480,11.800370758014253,10,0,0,0,10,0.0,
000000000092,0,outputs\conditions\severity_0\images\val\000000000092.png,640,427,422.80078418177897,2,3,2,1,0,1.0,0.6952248811721802
000000000092,1,outputs\conditions\severity_1\images\val\000000000092.png,640,427,54.95179269851605,2,2,2,0,0,1.0,0.8526888489723206
000000000092,2,outputs\conditions\severity_2\images\val\000000000092.png,640,427,33.07650675051126,2,1,1,0,1,0.5,0.9158867597579956
000000000092,3,outputs\conditions\severity_3\images\val\000000000092.png,640,427,27.471632597559196,2,2,1,1,1,0.5,0.7284301817417145
000000000092,4,outputs\conditions\severity_4\images\val\000000000092.png,640,427,18.124314781279224,2,2,1,1,1,0.5,0.7025216519832611
000000000092,5,outputs\conditions\severity_5\images\val\000000000092.png,640,427,11.861170834949611,2,2,1,1,1,0.5,0.6685371696949005
000000000094,0,outputs\conditions\severity_0\images\val\000000000094.png,640,427,3853.041059952051,2,2,2,0,0,1.0,0.620206668972969
000000000094,1,outputs\conditions\severity_1\images\val\000000000094.png,640,427,558.1332369459528,2,2,1,1,1,0.5,0.7574095726013184
000000000094,2,outputs\conditions\severity_2\images\val\000000000094.png,640,427,515.584256392291,2,3,1,2,1,0.5,0.505866934855779
000000000094,3,outputs\conditions\severity_3\images\val\000000000094.png,640,427,342.8166776909803,2,2,1,1,1,0.5,0.3976017087697983
000000000094,4,outputs\conditions\severity_4\images\val\000000000094.png,640,427,125.72376998785293,2,0,0,0,2,0.0,
000000000094,5,outputs\conditions\severity_5\images\val\000000000094.png,640,427,101.73094982811803,2,0,0,0,2,0.0,
000000000109,0,outputs\conditions\severity_0\images\val\000000000109.png,640,416,3637.862799911725,8,9,5,4,3,0.625,0.3804456227355533
000000000109,1,outputs\conditions\severity_1\images\val\000000000109.png,640,416,482.24249865592583,8,3,3,0,5,0.375,0.49805975953737897
000000000109,2,outputs\conditions\severity_2\images\val\000000000109.png,640,416,412.0453507393916,8,1,0,1,8,0.0,0.3544522821903229
000000000109,3,outputs\conditions\severity_3\images\val\000000000109.png,640,416,257.9933490818633,8,1,0,1,8,0.0,0.49780961871147156
000000000109,4,outputs\conditions\severity_4\images\val\000000000109.png,640,416,174.56112021484319,8,0,0,0,8,0.0,
000000000109,5,outputs\conditions\severity_5\images\val\000000000109.png,640,416,118.86665775541724,8,0,0,0,8,0.0,
000000000110,0,outputs\conditions\severity_0\images\val\000000000110.png,640,480,717.0582390805457,24,18,13,5,11,0.5416666666666666,0.5043181478977203
000000000110,1,outputs\conditions\severity_1\images\val\000000000110.png,640,480,140.97714160321556,24,15,10,5,14,0.4166666666666667,0.4992245038350423
000000000110,2,outputs\conditions\severity_2\images\val\000000000110.png,640,480,73.6730989460839,24,8,7,1,17,0.2916666666666667,0.6331370286643505
000000000110,3,outputs\conditions\severity_3\images\val\000000000110.png,640,480,57.9893901465098,24,6,5,1,19,0.20833333333333334,0.6088264584541321
000000000110,4,outputs\conditions\severity_4\images\val\000000000110.png,640,480,29.483268228785196,24,6,5,1,19,0.20833333333333334,0.42349626620610553
000000000110,5,outputs\conditions\severity_5\images\val\000000000110.png,640,480,21.948925781207617,24,3,2,1,22,0.08333333333333333,0.4874390463034312
000000000113,0,outputs\conditions\severity_0\images\val\000000000113.png,416,640,1829.3817688927145,18,9,8,1,10,0.4444444444444444,0.6636488570107354
000000000113,1,outputs\conditions\severity_1\images\val\000000000113.png,416,640,365.0460617914144,18,9,7,2,11,0.3888888888888889,0.6261872616079118
000000000113,2,outputs\conditions\severity_2\images\val\000000000113.png,416,640,252.5379456699388,18,7,6,1,12,0.3333333333333333,0.643263442175729
000000000113,3,outputs\conditions\severity_3\images\val\000000000113.png,416,640,107.75301275725903,18,5,5,0,13,0.2777777777777778,0.6781747579574585
000000000113,4,outputs\conditions\severity_4\images\val\000000000113.png,416,640,102.39064093572853,18,5,3,2,15,0.16666666666666666,0.4775583744049072
000000000113,5,outputs\conditions\severity_5\images\val\000000000113.png,416,640,73.88244102382095,18,5,3,2,15,0.16666666666666666,0.4661501944065094
000000000127,0,outputs\conditions\severity_0\images\val\000000000127.png,640,481,1667.204779913581,17,7,7,0,10,0.4117647058823529,0.6173344424792698
000000000127,1,outputs\conditions\severity_1\images\val\000000000127.png,640,481,391.4311007332929,17,5,4,1,13,0.23529411764705882,0.6214837253093719
000000000127,2,outputs\conditions\severity_2\images\val\000000000127.png,640,481,253.5035494989432,17,4,3,1,14,0.17647058823529413,0.6172131896018982
000000000127,3,outputs\conditions\severity_3\images\val\000000000127.png,640,481,107.73157695031682,17,1,0,1,17,0.0,0.32592543959617615
000000000127,4,outputs\conditions\severity_4\images\val\000000000127.png,640,481,90.46188860157933,17,0,0,0,17,0.0,
000000000127,5,outputs\conditions\severity_5\images\val\000000000127.png,640,481,76.58834433779218,17,0,0,0,17,0.0,
000000000133,0,outputs\conditions\severity_0\images\val\000000000133.png,640,480,574.3695248361801,2,1,1,0,1,0.5,0.26491281390190125
000000000133,1,outputs\conditions\severity_1\images\val\000000000133.png,640,480,74.57130195041233,2,1,0,1,2,0.0,0.7910527586936951
000000000133,2,outputs\conditions\severity_2\images\val\000000000133.png,640,480,62.40055642995836,2,0,0,0,2,0.0,
000000000133,3,outputs\conditions\severity_3\images\val\000000000133.png,640,480,37.42526366626953,2,0,0,0,2,0.0,
000000000133,4,outputs\conditions\severity_4\images\val\000000000133.png,640,480,21.84659842926661,2,0,0,0,2,0.0,
000000000133,5,outputs\conditions\severity_5\images\val\000000000133.png,640,480,22.224789577738438,2,0,0,0,2,0.0,
000000000136,0,outputs\conditions\severity_0\images\val\000000000136.png,500,374,898.0280433718723,4,5,4,1,0,1.0,0.6942063868045807
000000000136,1,outputs\conditions\severity_1\images\val\000000000136.png,500,374,145.63526942148758,4,4,2,2,2,0.5,0.4807014465332031
000000000136,2,outputs\conditions\severity_2\images\val\000000000136.png,500,374,67.0945766542938,4,3,1,2,3,0.25,0.6960725684960684
000000000136,3,outputs\conditions\severity_3\images\val\000000000136.png,500,374,105.00834720169293,4,3,1,2,3,0.25,0.6189681092898051
000000000136,4,outputs\conditions\severity_4\images\val\000000000136.png,500,374,88.50062020372329,4,1,0,1,4,0.0,0.5177306532859802
000000000136,5,outputs\conditions\severity_5\images\val\000000000136.png,500,374,47.76815808870714,4,2,1,1,3,0.25,0.51292385160923
000000000138,0,outputs\conditions\severity_0\images\val\000000000138.png,640,573,3199.541012484802,7,10,5,5,2,0.7142857142857143,0.5714684009552002
000000000138,1,outputs\conditions\severity_1\images\val\000000000138.png,640,573,370.09934881109604,7,10,5,5,2,0.7142857142857143,0.5713796347379685
000000000138,2,outputs\conditions\severity_2\images\val\000000000138.png,640,573,201.8794631841033,7,11,3,8,4,0.42857142857142855,0.43490436944094574
000000000138,3,outputs\conditions\severity_3\images\val\000000000138.png,640,573,214.56819997454798,7,6,3,3,4,0.42857142857142855,0.4874657491842906
000000000138,4,outputs\conditions\severity_4\images\val\000000000138.png,640,573,116.80710977867766,7,2,0,2,7,0.0,0.32799313962459564
000000000138,5,outputs\conditions\severity_5\images\val\000000000138.png,640,573,167.8850673475264,7,4,0,4,7,0.0,0.39997929334640503
000000000142,0,outputs\conditions\severity_0\images\val\000000000142.png,480,640,183.80093061620926,4,10,2,8,2,0.5,0.42909808158874513
000000000142,1,outputs\conditions\severity_1\images\val\000000000142.png,480,640,45.67382588704427,4,8,2,6,2,0.5,0.4376975782215595
000000000142,2,outputs\conditions\severity_2\images\val\000000000142.png,480,640,25.154029618061912,4,4,1,3,3,0.25,0.561674140393734
000000000142,3,outputs\conditions\severity_3\images\val\000000000142.png,480,640,17.539090820142963,4,4,1,3,3,0.25,0.5435122847557068
000000000142,4,outputs\conditions\severity_4\images\val\000000000142.png,480,640,11.672709358045791,4,0,0,0,4,0.0,
000000000142,5,outputs\conditions\severity_5\images\val\000000000142.png,480,640,11.864269654973349,4,3,1,2,3,0.25,0.3679494063059489
000000000143,0,outputs\conditions\severity_0\images\val\000000000143.png,600,500,215.7157271663889,8,7,5,2,3,0.625,0.5370584513459887
000000000143,1,outputs\conditions\severity_1\images\val\000000000143.png,600,500,64.50126305243333,8,4,3,1,5,0.375,0.5634056553244591
000000000143,2,outputs\conditions\severity_2\images\val\000000000143.png,600,500,18.99916412795556,8,5,3,2,5,0.375,0.34260514974594114
000000000143,3,outputs\conditions\severity_3\images\val\000000000143.png,600,500,11.620395324433334,8,3,0,3,8,0.0,0.327722171942393
000000000143,4,outputs\conditions\severity_4\images\val\000000000143.png,600,500,9.080386588266668,8,3,1,2,7,0.125,0.34071927269299823
000000000143,5,outputs\conditions\severity_5\images\val\000000000143.png,600,500,7.751811335822222,8,3,1,2,7,0.125,0.2963835994402568
000000000144,0,outputs\conditions\severity_0\images\val\000000000144.png,640,480,14487.584923152654,3,4,3,1,0,1.0,0.6757119670510292
000000000144,1,outputs\conditions\severity_1\images\val\000000000144.png,640,480,1605.2059114260248,3,2,2,0,1,0.6666666666666666,0.6937560737133026
000000000144,2,outputs\conditions\severity_2\images\val\000000000144.png,640,480,827.305270955234,3,1,1,0,2,0.3333333333333333,0.9059388637542725
000000000144,3,outputs\conditions\severity_3\images\val\000000000144.png,640,480,895.3351985575251,3,0,0,0,3,0.0,
000000000144,4,outputs\conditions\severity_4\images\val\000000000144.png,640,480,356.78498782339096,3,1,0,1,3,0.0,0.28526490926742554
000000000144,5,outputs\conditions\severity_5\images\val\000000000144.png,640,480,299.7735543049707,3,2,0,2,3,0.0,0.3527369499206543
000000000149,0,outputs\conditions\severity_0\images\val\000000000149.png,640,428,928.3986561658974,22,7,5,2,17,0.22727272727272727,0.4225382166249411
000000000149,1,outputs\conditions\severity_1\images\val\000000000149.png,640,428,149.08237801369145,22,5,3,2,19,0.13636363636363635,0.4594681799411774
000000000149,2,outputs\conditions\severity_2\images\val\000000000149.png,640,428,95.66127701037561,22,4,3,1,19,0.13636363636363635,0.33694926649332047
000000000149,3,outputs\conditions\severity_3\images\val\000000000149.png,640,428,62.67486120805916,22,2,0,2,22,0.0,0.3379601240158081
000000000149,4,outputs\conditions\severity_4\images\val\000000000149.png,640,428,40.755629352639886,22,1,0,1,22,0.0,0.27511394023895264
000000000149,5,outputs\conditions\severity_5\images\val\000000000149.png,640,428,31.408688595242268,22,0,0,0,22,0.0,
000000000151,0,outputs\conditions\severity_0\images\val\000000000151.png,480,640,9093.912937174437,3,1,1,0,2,0.3333333333333333,0.8847925662994385
000000000151,1,outputs\conditions\severity_1\images\val\000000000151.png,480,640,1368.1662541686587,3,1,1,0,2,0.3333333333333333,0.4414166510105133
000000000151,2,outputs\conditions\severity_2\images\val\000000000151.png,480,640,777.0887646736039,3,2,0,2,3,0.0,0.4030095934867859
000000000151,3,outputs\conditions\severity_3\images\val\000000000151.png,480,640,611.3838223919231,3,0,0,0,3,0.0,
000000000151,4,outputs\conditions\severity_4\images\val\000000000151.png,480,640,430.49036229950593,3,0,0,0,3,0.0,
000000000151,5,outputs\conditions\severity_5\images\val\000000000151.png,480,640,440.01919306602474,3,0,0,0,3,0.0,
000000000154,0,outputs\conditions\severity_0\images\val\000000000154.png,427,640,2049.1167818134636,3,3,3,0,0,1.0,0.9343715906143188
000000000154,1,outputs\conditions\severity_1\images\val\000000000154.png,427,640,292.6465219388784,3,3,3,0,0,1.0,0.9275313019752502
000000000154,2,outputs\conditions\severity_2\images\val\000000000154.png,427,640,175.57357022876363,3,3,3,0,0,1.0,0.8874347805976868
000000000154,3,outputs\conditions\severity_3\images\val\000000000154.png,427,640,109.76564173923701,3,3,3,0,0,1.0,0.8467422127723694
000000000154,4,outputs\conditions\severity_4\images\val\000000000154.png,427,640,73.59173739482439,3,3,3,0,0,1.0,0.7797951300938925
000000000154,5,outputs\conditions\severity_5\images\val\000000000154.png,427,640,62.70867370450478,3,2,2,0,1,0.6666666666666666,0.6256707459688187
000000000164,0,outputs\conditions\severity_0\images\val\000000000164.png,640,480,971.2786679158102,40,3,3,0,37,0.075,0.5155344903469086
000000000164,1,outputs\conditions\severity_1\images\val\000000000164.png,640,480,223.09961760244371,40,2,2,0,38,0.05,0.5946515798568726
000000000164,2,outputs\conditions\severity_2\images\val\000000000164.png,640,480,80.89855741576089,40,3,1,2,39,0.025,0.5461101333300272
000000000164,3,outputs\conditions\severity_3\images\val\000000000164.png,640,480,49.06711993403963,40,1,1,0,39,0.025,0.6693650484085083
000000000164,4,outputs\conditions\severity_4\images\val\000000000164.png,640,480,37.723237228382956,40,0,0,0,40,0.0,
000000000164,5,outputs\conditions\severity_5\images\val\000000000164.png,640,480,26.751183521260153,40,0,0,0,40,0.0,
000000000165,0,outputs\conditions\severity_0\images\val\000000000165.png,640,536,2057.0759793747875,4,3,3,0,1,0.75,0.7210614681243896
000000000165,1,outputs\conditions\severity_1\images\val\000000000165.png,640,536,476.6762912618102,4,4,3,1,1,0.75,0.592675469815731
000000000165,2,outputs\conditions\severity_2\images\val\000000000165.png,640,536,183.4560389983444,4,4,3,1,1,0.75,0.5065839439630508
000000000165,3,outputs\conditions\severity_3\images\val\000000000165.png,640,536,145.54882359648101,4,3,2,1,2,0.5,0.4234539071718852
000000000165,4,outputs\conditions\severity_4\images\val\000000000165.png,640,536,68.30710451067888,4,6,2,4,2,0.5,0.37497880558172864
000000000165,5,outputs\conditions\severity_5\images\val\000000000165.png,640,536,78.61104712911374,4,3,2,1,2,0.5,0.30646034081776935
000000000192,0,outputs\conditions\severity_0\images\val\000000000192.png,640,480,879.7070231770832,5,5,5,0,0,1.0,0.7525097131729126
000000000192,1,outputs\conditions\severity_1\images\val\000000000192.png,640,480,144.82280915319652,5,4,4,0,1,0.8,0.8765896707773209
000000000192,2,outputs\conditions\severity_2\images\val\000000000192.png,640,480,79.98720993159611,5,4,4,0,1,0.8,0.8454349935054779
000000000192,3,outputs\conditions\severity_3\images\val\000000000192.png,640,480,125.2397460784488,5,5,4,1,1,0.8,0.6348169922828675
000000000192,4,outputs\conditions\severity_4\images\val\000000000192.png,640,480,36.22063774274191,5,4,4,0,1,0.8,0.6135033816099167
000000000192,5,outputs\conditions\severity_5\images\val\000000000192.png,640,480,28.783973853969577,5,5,4,1,1,0.8,0.48151921629905703
000000000194,0,outputs\conditions\severity_0\images\val\000000000194.png,640,480,328.9344348293305,2,4,1,3,1,0.5,0.4512938857078552
000000000194,1,outputs\conditions\severity_1\images\val\000000000194.png,640,480,63.81945224185519,2,2,1,1,1,0.5,0.5788860023021698
000000000194,2,outputs\conditions\severity_2\images\val\000000000194.png,640,480,39.51871840260824,2,3,1,2,1,0.5,0.48630865414937335
000000000194,3,outputs\conditions\severity_3\images\val\000000000194.png,640,480,28.216381152587463,2,2,1,1,1,0.5,0.4370507597923279
000000000194,4,outputs\conditions\severity_4\images\val\000000000194.png,640,480,18.246174945576985,2,1,1,0,1,0.5,0.7734513878822327
000000000194,5,outputs\conditions\severity_5\images\val\000000000194.png,640,480,15.007132438140443,2,0,0,0,2,0.0,
000000000196,0,outputs\conditions\severity_0\images\val\000000000196.png,640,480,2213.472486604648,42,22,17,5,25,0.40476190476190477,0.4980611787600951
000000000196,1,outputs\conditions\severity_1\images\val\000000000196.png,640,480,425.97330413271595,42,15,11,4,31,0.2619047619047619,0.5310849567254384
000000000196,2,outputs\conditions\severity_2\images\val\000000000196.png,640,480,288.73255771484384,42,12,11,1,31,0.2619047619047619,0.5138705347975095
000000000196,3,outputs\conditions\severity_3\images\val\000000000196.png,640,480,183.912154862086,42,7,4,3,38,0.09523809523809523,0.4310182247843061
000000000196,4,outputs\conditions\severity_4\images\val\000000000196.png,640,480,106.03956933322485,42,1,1,0,41,0.023809523809523808,0.3233237564563751
000000000196,5,outputs\conditions\severity_5\images\val\000000000196.png,640,480,102.28442706281876,42,1,0,1,42,0.0,0.2841891944408417
000000000201,0,outputs\conditions\severity_0\images\val\000000000201.png,640,428,3310.5912624683456,8,9,7,2,1,0.875,0.586795922782686
000000000201,1,outputs\conditions\severity_1\images\val\000000000201.png,640,428,361.2850969393175,8,5,1,4,7,0.125,0.47428013682365416
000000000201,2,outputs\conditions\severity_2\images\val\000000000201.png,640,428,420.6349590863472,8,4,1,3,7,0.125,0.39527592062950134
000000000201,3,outputs\conditions\severity_3\images\val\000000000201.png,640,428,238.5873831602975,8,2,0,2,8,0.0,0.40013761818408966
000000000201,4,outputs\conditions\severity_4\images\val\000000000201.png,640,428,91.02996856653469,8,1,0,1,8,0.0,0.5928513407707214
000000000201,5,outputs\conditions\severity_5\images\val\000000000201.png,640,428,105.15193469828965,8,1,0,1,8,0.0,0.5587214231491089
000000000208,0,outputs\conditions\severity_0\images\val\000000000208.png,640,480,316.27636054784995,4,1,0,1,4,0.0,0.7465367913246155
000000000208,1,outputs\conditions\severity_1\images\val\000000000208.png,640,480,49.71913837177488,4,4,2,2,2,0.5,0.6565343886613846
000000000208,2,outputs\conditions\severity_2\images\val\000000000208.png,640,480,47.505153437254144,4,2,0,2,4,0.0,0.49140632152557373
000000000208,3,outputs\conditions\severity_3\images\val\000000000208.png,640,480,24.540425481796262,4,1,0,1,4,0.0,0.3133067488670349
000000000208,4,outputs\conditions\severity_4\images\val\000000000208.png,640,480,16.207201639800598,4,1,0,1,4,0.0,0.2739306688308716
000000000208,5,outputs\conditions\severity_5\images\val\000000000208.png,640,480,13.228370631917318,4,1,0,1,4,0.0,0.2662059962749481
000000000241,0,outputs\conditions\severity_0\images\val\000000000241.png,480,640,1308.4507609921673,14,11,10,1,4,0.7142857142857143,0.6192565777085044
000000000241,1,outputs\conditions\severity_1\images\val\000000000241.png,480,640,174.10556540103485,14,11,9,2,5,0.6428571428571429,0.5760912732644514
000000000241,2,outputs\conditions\severity_2\images\val\000000000241.png,480,640,124.30617425944006,14,11,9,2,5,0.6428571428571429,0.5898749313571237
000000000241,3,outputs\conditions\severity_3\images\val\000000000241.png,480,640,62.7819791442447,14,6,4,2,10,0.2857142857142857,0.5873421082894007
000000000241,4,outputs\conditions\severity_4\images\val\000000000241.png,480,640,41.65284940057331,14,4,3,1,11,0.21428571428571427,0.5624046251177788
000000000241,5,outputs\conditions\severity_5\images\val\000000000241.png,480,640,37.456860826015486,14,5,3,2,11,0.21428571428571427,0.48958765268325805
000000000247,0,outputs\conditions\severity_0\images\val\000000000247.png,640,424,2593.0374528188763,8,3,1,2,7,0.125,0.44507404168446857
000000000247,1,outputs\conditions\severity_1\images\val\000000000247.png,640,424,464.01140041961065,8,4,2,2,6,0.25,0.42970001697540283
000000000247,2,outputs\conditions\severity_2\images\val\000000000247.png,640,424,265.7691474802648,8,2,1,1,7,0.125,0.5417213886976242
000000000247,3,outputs\conditions\severity_3\images\val\000000000247.png,640,424,215.4545313393989,8,0,0,0,8,0.0,
000000000247,4,outputs\conditions\severity_4\images\val\000000000247.png,640,424,275.20920396520296,8,0,0,0,8,0.0,
000000000247,5,outputs\conditions\severity_5\images\val\000000000247.png,640,424,108.69834327400345,8,1,0,1,8,0.0,0.47764506936073303
000000000250,0,outputs\conditions\severity_0\images\val\000000000250.png,640,480,2886.2749674783913,0,0,0,0,0,,
000000000250,1,outputs\conditions\severity_1\images\val\000000000250.png,640,480,256.3638085116917,0,0,0,0,0,,
000000000250,2,outputs\conditions\severity_2\images\val\000000000250.png,640,480,173.05216325504517,0,0,0,0,0,,
000000000250,3,outputs\conditions\severity_3\images\val\000000000250.png,640,480,113.56766267835829,0,0,0,0,0,,
000000000250,4,outputs\conditions\severity_4\images\val\000000000250.png,640,480,90.93445632060369,0,1,0,1,0,,0.2588961124420166
000000000250,5,outputs\conditions\severity_5\images\val\000000000250.png,640,480,49.240029269313816,0,1,0,1,0,,0.2674347162246704
000000000257,0,outputs\conditions\severity_0\images\val\000000000257.png,640,480,3080.3039870196876,33,25,15,10,18,0.45454545454545453,0.47610206842422487
000000000257,1,outputs\conditions\severity_1\images\val\000000000257.png,640,480,632.961496623357,33,15,8,7,25,0.24242424242424243,0.49729172388712567
000000000257,2,outputs\conditions\severity_2\images\val\000000000257.png,640,480,350.8281374486182,33,14,9,5,24,0.2727272727272727,0.4652897374970572
000000000257,3,outputs\conditions\severity_3\images\val\000000000257.png,640,480,139.07084156077704,33,7,2,5,31,0.06060606060606061,0.39974669899259296
000000000257,4,outputs\conditions\severity_4\images\val\000000000257.png,640,480,148.25609180891252,33,5,1,4,32,0.030303030303030304,0.6137816965579986
000000000257,5,outputs\conditions\severity_5\images\val\000000000257.png,640,480,99.2982177810563,33,5,1,4,32,0.030303030303030304,0.43148806095123293
000000000260,0,outputs\conditions\severity_0\images\val\000000000260.png,500,333,1115.9763182620097,7,6,6,0,1,0.8571428571428571,0.568087562918663
000000000260,1,outputs\conditions\severity_1\images\val\000000000260.png,500,333,234.5593630727665,7,5,5,0,2,0.7142857142857143,0.48364133238792417
000000000260,2,outputs\conditions\severity_2\images\val\000000000260.png,500,333,115.33570801792789,7,3,2,1,5,0.2857142857142857,0.3861570954322815
000000000260,3,outputs\conditions\severity_3\images\val\000000000260.png,500,333,75.8080460728837,7,1,1,0,6,0.14285714285714285,0.4979548454284668
000000000260,4,outputs\conditions\severity_4\images\val\000000000260.png,500,333,44.73253966268972,7,0,0,0,7,0.0,
000000000260,5,outputs\conditions\severity_5\images\val\000000000260.png,500,333,104.46541712523333,7,0,0,0,7,0.0,
000000000263,0,outputs\conditions\severity_0\images\val\000000000263.png,591,640,245.75660548014616,2,2,2,0,0,1.0,0.5850086659193039
000000000263,1,outputs\conditions\severity_1\images\val\000000000263.png,591,640,50.965865384890655,2,1,1,0,1,0.5,0.6875383853912354
000000000263,2,outputs\conditions\severity_2\images\val\000000000263.png,591,640,71.85567985565096,2,1,0,1,2,0.0,0.576031506061554
000000000263,3,outputs\conditions\severity_3\images\val\000000000263.png,591,640,26.692917075143907,2,0,0,0,2,0.0,
000000000263,4,outputs\conditions\severity_4\images\val\000000000263.png,591,640,14.010716296030274,2,2,0,2,2,0.0,0.3254910707473755
000000000263,5,outputs\conditions\severity_5\images\val\000000000263.png,591,640,22.322272002806077,2,1,0,1,2,0.0,0.3069896399974823
000000000283,0,outputs\conditions\severity_0\images\val\000000000283.png,428,640,692.0612692112672,5,5,3,2,2,0.6,0.6615891456604004
000000000283,1,outputs\conditions\severity_1\images\val\000000000283.png,428,640,79.0874722400525,5,5,3,2,2,0.6,0.6258371829986572
000000000283,2,outputs\conditions\severity_2\images\val\000000000283.png,428,640,71.95698620871757,5,4,4,0,1,0.8,0.6432338356971741
000000000283,3,outputs\conditions\severity_3\images\val\000000000283.png,428,640,37.32195987899664,5,5,4,1,1,0.8,0.6129903554916382
000000000283,4,outputs\conditions\severity_4\images\val\000000000283.png,428,640,17.81434443454907,5,4,3,1,2,0.6,0.64205651730299
000000000283,5,outputs\conditions\severity_5\images\val\000000000283.png,428,640,13.623441730718838,5,4,3,1,2,0.6,0.6279857158660889
000000000294,0,outputs\conditions\severity_0\images\val\000000000294.png,640,427,884.5180690853979,20,5,2,3,18,0.1,0.5786897540092468
000000000294,1,outputs\conditions\severity_1\images\val\000000000294.png,640,427,114.86469615660211,20,6,3,3,17,0.15,0.55992558101813
000000000294,2,outputs\conditions\severity_2\images\val\000000000294.png,640,427,63.253956028541964,20,5,3,2,17,0.15,0.5577163398265839
000000000294,3,outputs\conditions\severity_3\images\val\000000000294.png,640,427,40.56438734525741,20,3,2,1,18,0.1,0.6625298659006754
000000000294,4,outputs\conditions\severity_4\images\val\000000000294.png,640,427,24.817344069421193,20,2,1,1,19,0.05,0.6204569190740585
000000000294,5,outputs\conditions\severity_5\images\val\000000000294.png,640,427,25.663012673419665,20,1,1,0,19,0.05,0.5894491076469421
000000000307,0,outputs\conditions\severity_0\images\val\000000000307.png,640,480,6017.782051124054,3,3,3,0,0,1.0,0.7804443637530009
000000000307,1,outputs\conditions\severity_1\images\val\000000000307.png,640,480,493.6300215143735,3,3,3,0,0,1.0,0.7074034810066223
000000000307,2,outputs\conditions\severity_2\images\val\000000000307.png,640,480,683.5617663603781,3,3,2,1,1,0.6666666666666666,0.4778219362099965
000000000307,3,outputs\conditions\severity_3\images\val\000000000307.png,640,480,435.9843537227948,3,1,1,0,2,0.3333333333333333,0.4659396708011627
000000000307,4,outputs\conditions\severity_4\images\val\000000000307.png,640,480,122.28139143049452,3,0,0,0,3,0.0,
000000000307,5,outputs\conditions\severity_5\images\val\000000000307.png,640,480,152.50680600457724,3,0,0,0,3,0.0,
000000000308,0,outputs\conditions\severity_0\images\val\000000000308.png,640,426,2431.4857650765116,13,19,9,10,4,0.6923076923076923,0.5196017779802021
000000000308,1,outputs\conditions\severity_1\images\val\000000000308.png,640,426,357.18814894028645,13,9,6,3,7,0.46153846153846156,0.5891956355836656
000000000308,2,outputs\conditions\severity_2\images\val\000000000308.png,640,426,228.42636009634194,13,7,5,2,8,0.38461538461538464,0.5522039575236184
000000000308,3,outputs\conditions\severity_3\images\val\000000000308.png,640,426,130.11951075830962,13,6,5,1,8,0.38461538461538464,0.6108452727397283
000000000308,4,outputs\conditions\severity_4\images\val\000000000308.png,640,426,76.23408991225025,13,6,4,2,9,0.3076923076923077,0.5822926511367162
000000000308,5,outputs\conditions\severity_5\images\val\000000000308.png,640,426,70.9946262121416,13,4,4,0,9,0.3076923076923077,0.620373085141182
000000000309,0,outputs\conditions\severity_0\images\val\000000000309.png,600,600,4239.566386959876,4,2,0,2,4,0.0,0.3873535990715027
000000000309,1,outputs\conditions\severity_1\images\val\000000000309.png,600,600,593.8943930990664,4,3,0,3,4,0.0,0.6232553521792094
000000000309,2,outputs\conditions\severity_2\images\val\000000000309.png,600,600,366.116230823696,4,3,0,3,4,0.0,0.47291816274325055
000000000309,3,outputs\conditions\severity_3\images\val\000000000309.png,600,600,248.47823665172842,4,2,0,2,4,0.0,0.5560871660709381
000000000309,4,outputs\conditions\severity_4\images\val\000000000309.png,600,600,168.50376007888886,4,1,0,1,4,0.0,0.2776951491832733
000000000309,5,outputs\conditions\severity_5\images\val\000000000309.png,600,600,125.54656182209881,4,1,0,1,4,0.0,0.444817453622818
000000000312,0,outputs\conditions\severity_0\images\val\000000000312.png,640,427,10885.206789152226,6,6,5,1,1,0.8333333333333334,0.6970098416010538
000000000312,1,outputs\conditions\severity_1\images\val\000000000312.png,640,427,1751.1695910352428,6,4,2,2,4,0.3333333333333333,0.5356681197881699
000000000312,2,outputs\conditions\severity_2\images\val\000000000312.png,640,427,911.1017221444478,6,4,2,2,4,0.3333333333333333,0.5127832666039467
000000000312,3,outputs\conditions\severity_3\images\val\000000000312.png,640,427,490.37958913373905,6,3,1,2,5,0.16666666666666666,0.579293429851532
000000000312,4,outputs\conditions\severity_4\images\val\000000000312.png,640,427,283.8229731931616,6,3,1,2,5,0.16666666666666666,0.4969627757867177
000000000312,5,outputs\conditions\severity_5\images\val\000000000312.png,640,427,428.34960608155393,6,1,0,1,6,0.0,0.6193069219589233
000000000315,0,outputs\conditions\severity_0\images\val\000000000315.png,640,427,1049.1315368514895,38,13,12,1,26,0.3157894736842105,0.5089944348885462
000000000315,1,outputs\conditions\severity_1\images\val\000000000315.png,640,427,212.22609213290264,38,15,13,2,25,0.34210526315789475,0.468608816464742
000000000315,2,outputs\conditions\severity_2\images\val\000000000315.png,640,427,93.31133511194854,38,13,11,2,27,0.2894736842105263,0.454982558122048
000000000315,3,outputs\conditions\severity_3\images\val\000000000315.png,640,427,106.78400239529606,38,10,5,5,33,0.13157894736842105,0.46407229602336886
000000000315,4,outputs\conditions\severity_4\images\val\000000000315.png,640,427,47.9410942185469,38,2,1,1,37,0.02631578947368421,0.4041379541158676
000000000315,5,outputs\conditions\severity_5\images\val\000000000315.png,640,427,76.8644108995942,38,1,1,0,37,0.02631578947368421,0.4318392276763916
000000000321,0,outputs\conditions\severity_0\images\val\000000000321.png,640,480,588.9776624823571,3,4,1,3,2,0.3333333333333333,0.5740971863269806
000000000321,1,outputs\conditions\severity_1\images\val\000000000321.png,640,480,96.4686761982812,3,6,2,4,1,0.6666666666666666,0.38229185342788696
000000000321,2,outputs\conditions\severity_2\images\val\000000000321.png,640,480,66.0680329384698,3,3,1,2,2,0.3333333333333333,0.4296446740627289
000000000321,3,outputs\conditions\severity_3\images\val\000000000321.png,640,480,37.340013602691236,3,2,1,1,2,0.3333333333333333,0.4372781068086624
000000000321,4,outputs\conditions\severity_4\images\val\000000000321.png,640,480,23.22474224131902,3,2,0,2,3,0.0,0.6031971275806427
000000000321,5,outputs\conditions\severity_5\images\val\000000000321.png,640,480,41.68383770369423,3,2,0,2,3,0.0,0.5247418880462646
000000000322,0,outputs\conditions\severity_0\images\val\000000000322.png,640,481,228.46351638501312,2,4,2,2,0,1.0,0.5693659707903862
000000000322,1,outputs\conditions\severity_1\images\val\000000000322.png,640,481,44.62575003642465,2,3,2,1,0,1.0,0.7048353354136149
000000000322,2,outputs\conditions\severity_2\images\val\000000000322.png,640,481,25.169305476772752,2,3,2,1,0,1.0,0.6781912843386332
000000000322,3,outputs\conditions\severity_3\images\val\000000000322.png,640,481,15.37242071943136,2,2,1,1,1,0.5,0.7515314519405365
000000000322,4,outputs\conditions\severity_4\images\val\000000000322.png,640,481,15.053518048403914,2,1,1,0,1,0.5,0.7662362456321716
000000000322,5,outputs\conditions\severity_5\images\val\000000000322.png,640,481,12.122355768850882,2,1,1,0,1,0.5,0.7526705265045166
000000000326,0,outputs\conditions\severity_0\images\val\000000000326.png,640,427,569.8657749655237,2,3,2,1,0,1.0,0.5722643236319224
000000000326,1,outputs\conditions\severity_1\images\val\000000000326.png,640,427,88.19617869260377,2,2,2,0,0,1.0,0.4739370048046112
000000000326,2,outputs\conditions\severity_2\images\val\000000000326.png,640,427,60.26187416680012,2,1,1,0,1,0.5,0.8385753631591797
000000000326,3,outputs\conditions\severity_3\images\val\000000000326.png,640,427,52.324231512332695,2,1,1,0,1,0.5,0.6217445731163025
000000000326,4,outputs\conditions\severity_4\images\val\000000000326.png,640,427,12.54399509446983,2,1,1,0,1,0.5,0.6057957410812378
000000000326,5,outputs\conditions\severity_5\images\val\000000000326.png,640,427,17.598594824155022,2,1,1,0,1,0.5,0.6858937740325928
000000000328,0,outputs\conditions\severity_0\images\val\000000000328.png,640,491,4405.905725633308,11,8,8,0,3,0.7272727272727273,0.5849796049296856
000000000328,1,outputs\conditions\severity_1\images\val\000000000328.png,640,491,698.1352757584971,11,4,4,0,7,0.36363636363636365,0.7197075858712196
000000000328,2,outputs\conditions\severity_2\images\val\000000000328.png,640,491,612.7742092387124,11,6,4,2,7,0.36363636363636365,0.47989845275878906
000000000328,3,outputs\conditions\severity_3\images\val\000000000328.png,640,491,317.7981904166865,11,4,3,1,8,0.2727272727272727,0.5495606362819672
000000000328,4,outputs\conditions\severity_4\images\val\000000000328.png,640,491,425.9760797380796,11,4,3,1,8,0.2727272727272727,0.3992699310183525
000000000328,5,outputs\conditions\severity_5\images\val\000000000328.png,640,491,395.3158116756107,11,3,2,1,9,0.18181818181818182,0.42264047265052795
000000000332,0,outputs\conditions\severity_0\images\val\000000000332.png,640,480,427.10563701561824,7,7,4,3,3,0.5714285714285714,0.6062829664775303
000000000332,1,outputs\conditions\severity_1\images\val\000000000332.png,640,480,88.05100880702336,7,7,4,3,3,0.5714285714285714,0.49976867863110136
000000000332,2,outputs\conditions\severity_2\images\val\000000000332.png,640,480,51.754269579399946,7,8,4,4,3,0.5714285714285714,0.38890397921204567
000000000332,3,outputs\conditions\severity_3\images\val\000000000332.png,640,480,27.919500210910368,7,3,1,2,6,0.14285714285714285,0.4278912643591563
000000000332,4,outputs\conditions\severity_4\images\val\000000000332.png,640,480,20.105844749863945,7,2,1,1,6,0.14285714285714285,0.4607209712266922
000000000332,5,outputs\conditions\severity_5\images\val\000000000332.png,640,480,19.745786722649466,7,2,0,2,7,0.0,0.3203810453414917
000000000338,0,outputs\conditions\severity_0\images\val\000000000338.png,640,327,2253.2344110124145,6,6,5,1,1,0.8333333333333334,0.7103405296802521
000000000338,1,outputs\conditions\severity_1\images\val\000000000338.png,640,327,367.92320665136157,6,5,5,0,1,0.8333333333333334,0.7551624953746796
000000000338,2,outputs\conditions\severity_2\images\val\000000000338.png,640,327,192.58650095797267,6,4,3,1,3,0.5,0.6474547535181046
000000000338,3,outputs\conditions\severity_3\images\val\000000000338.png,640,327,195.72438236138936,6,4,2,2,4,0.3333333333333333,0.5101667121052742
000000000338,4,outputs\conditions\severity_4\images\val\000000000338.png,640,327,217.13473888136255,6,1,0,1,6,0.0,0.31002649664878845
000000000338,5,outputs\conditions\severity_5\images\val\000000000338.png,640,327,46.09496936598995,6,1,0,1,6,0.0,0.3947855830192566
000000000349,0,outputs\conditions\severity_0\images\val\000000000349.png,640,480,203.66018509283063,4,2,2,0,2,0.5,0.691813200712204
000000000349,1,outputs\conditions\severity_1\images\val\000000000349.png,640,480,58.691902880181196,4,1,1,0,3,0.25,0.8016374111175537
000000000349,2,outputs\conditions\severity_2\images\val\000000000349.png,640,480,19.51831791161432,4,1,1,0,3,0.25,0.6014648675918579
000000000349,3,outputs\conditions\severity_3\images\val\000000000349.png,640,480,13.456457050069174,4,0,0,0,4,0.0,
000000000349,4,outputs\conditions\severity_4\images\val\000000000349.png,640,480,11.441446013122134,4,1,1,0,3,0.25,0.3212159276008606
000000000349,5,outputs\conditions\severity_5\images\val\000000000349.png,640,480,13.989627901034886,4,0,0,0,4,0.0,
000000000357,0,outputs\conditions\severity_0\images\val\000000000357.png,640,218,1784.81623566822,17,9,7,2,10,0.4117647058823529,0.6482519441180759
000000000357,1,outputs\conditions\severity_1\images\val\000000000357.png,640,218,308.28271866742455,17,8,7,1,10,0.4117647058823529,0.6930933520197868
000000000357,2,outputs\conditions\severity_2\images\val\000000000357.png,640,218,150.90979782907178,17,7,5,2,12,0.29411764705882354,0.6577737161091396
000000000357,3,outputs\conditions\severity_3\images\val\000000000357.png,640,218,95.23882480343607,17,5,2,3,15,0.11764705882352941,0.43186711668968203
000000000357,4,outputs\conditions\severity_4\images\val\000000000357.png,640,218,63.42017570845579,17,1,0,1,17,0.0,0.31487053632736206
000000000357,5,outputs\conditions\severity_5\images\val\000000000357.png,640,218,99.0629270403486,17,0,0,0,17,0.0,
000000000359,0,outputs\conditions\severity_0\images\val\000000000359.png,500,332,1400.8871875363259,4,4,3,1,1,0.75,0.42957378923892975
000000000359,1,outputs\conditions\severity_1\images\val\000000000359.png,500,332,208.26886639628393,4,2,1,1,3,0.25,0.3396896719932556
000000000359,2,outputs\conditions\severity_2\images\val\000000000359.png,500,332,122.72211430450717,4,1,0,1,4,0.0,0.40002676844596863
000000000359,3,outputs\conditions\severity_3\images\val\000000000359.png,500,332,99.24787749687907,4,0,0,0,4,0.0,
000000000359,4,outputs\conditions\severity_4\images\val\000000000359.png,500,332,51.641186105058786,4,1,0,1,4,0.0,0.33115723729133606
000000000359,5,outputs\conditions\severity_5\images\val\000000000359.png,500,332,50.00692730309188,4,1,0,1,4,0.0,0.37285280227661133
000000000360,0,outputs\conditions\severity_0\images\val\000000000360.png,500,375,7638.758660789219,3,2,0,2,3,0.0,0.43604233860969543
000000000360,1,outputs\conditions\severity_1\images\val\000000000360.png,500,375,643.8706391033173,3,1,0,1,3,0.0,0.27129390835762024
000000000360,2,outputs\conditions\severity_2\images\val\000000000360.png,500,375,427.5615676498775,3,0,0,0,3,0.0,
000000000360,3,outputs\conditions\severity_3\images\val\000000000360.png,500,375,456.9044822544783,3,1,0,1,3,0.0,0.26507627964019775
000000000360,4,outputs\conditions\severity_4\images\val\000000000360.png,500,375,298.8798611130595,3,0,0,0,3,0.0,
000000000360,5,outputs\conditions\severity_5\images\val\000000000360.png,500,375,161.8106826038329,3,0,0,0,3,0.0,
000000000368,0,outputs\conditions\severity_0\images\val\000000000368.png,480,640,11403.182439990194,13,11,8,3,5,0.6153846153846154,0.4985396780750968
000000000368,1,outputs\conditions\severity_1\images\val\000000000368.png,480,640,2677.389560431417,13,6,6,0,7,0.46153846153846156,0.5671188632647196
000000000368,2,outputs\conditions\severity_2\images\val\000000000368.png,480,640,824.8620923321936,13,7,4,3,9,0.3076923076923077,0.5006286757332938
000000000368,3,outputs\conditions\severity_3\images\val\000000000368.png,480,640,538.5459601364029,13,7,5,2,8,0.38461538461538464,0.4027090540954045
000000000368,4,outputs\conditions\severity_4\images\val\000000000368.png,480,640,277.89290991884866,13,2,1,1,12,0.07692307692307693,0.6085542142391205
000000000368,5,outputs\conditions\severity_5\images\val\000000000368.png,480,640,375.1557999972873,13,1,1,0,12,0.07692307692307693,0.32769423723220825
000000000370,0,outputs\conditions\severity_0\images\val\000000000370.png,480,640,171.9798581581009,2,2,2,0,0,1.0,0.9114653170108795
000000000370,1,outputs\conditions\severity_1\images\val\000000000370.png,480,640,36.842953016111586,2,2,2,0,0,1.0,0.7461878955364227
000000000370,2,outputs\conditions\severity_2\images\val\000000000370.png,480,640,22.229495653618706,2,2,2,0,0,1.0,0.8102074563503265
000000000370,3,outputs\conditions\severity_3\images\val\000000000370.png,480,640,17.024287049770354,2,2,2,0,0,1.0,0.589146226644516
000000000370,4,outputs\conditions\severity_4\images\val\000000000370.png,480,640,10.746240467961627,2,1,1,0,1,0.5,0.8304030895233154
000000000370,5,outputs\conditions\severity_5\images\val\000000000370.png,480,640,9.186184669960868,2,2,2,0,0,1.0,0.6842108964920044
000000000382,0,outputs\conditions\severity_0\images\val\000000000382.png,640,480,968.5251830299272,3,4,2,2,1,0.6666666666666666,0.5034033358097076
000000000382,1,outputs\conditions\severity_1\images\val\000000000382.png,640,480,201.71313520379599,3,4,1,3,2,0.3333333333333333,0.49020378291606903
000000000382,2,outputs\conditions\severity_2\images\val\000000000382.png,640,480,103.1714277871026,3,1,1,0,2,0.3333333333333333,0.8272271156311035
000000000382,3,outputs\conditions\severity_3\images\val\000000000382.png,640,480,83.8559488758935,3,3,1,2,2,0.3333333333333333,0.47522392868995667
000000000382,4,outputs\conditions\severity_4\images\val\000000000382.png,640,480,49.774390000141985,3,1,1,0,2,0.3333333333333333,0.562394917011261
000000000382,5,outputs\conditions\severity_5\images\val\000000000382.png,640,480,39.87824398421181,3,1,1,0,2,0.3333333333333333,0.32953110337257385
000000000384,0,outputs\conditions\severity_0\images\val\000000000384.png,446,640,296.51012804703004,11,5,3,2,8,0.2727272727272727,0.42915657758712766
000000000384,1,outputs\conditions\severity_1\images\val\000000000384.png,446,640,40.46672052660921,11,0,0,0,11,0.0,
000000000384,2,outputs\conditions\severity_2\images\val\000000000384.png,446,640,28.98704103279571,11,1,0,1,11,0.0,0.35797399282455444
000000000384,3,outputs\conditions\severity_3\images\val\000000000384.png,446,640,25.846353083308703,11,0,0,0,11,0.0,
000000000384,4,outputs\conditions\severity_4\images\val\000000000384.png,446,640,11.313163175662089,11,0,0,0,11,0.0,
000000000384,5,outputs\conditions\severity_5\images\val\000000000384.png,446,640,9.18529922728061,11,0,0,0,11,0.0,
000000000387,0,outputs\conditions\severity_0\images\val\000000000387.png,640,480,750.3212854792172,3,1,0,1,3,0.0,0.27133795619010925
000000000387,1,outputs\conditions\severity_1\images\val\000000000387.png,640,480,118.5193420069377,3,0,0,0,3,0.0,
000000000387,2,outputs\conditions\severity_2\images\val\000000000387.png,640,480,71.55003357483544,3,1,0,1,3,0.0,0.32269811630249023
000000000387,3,outputs\conditions\severity_3\images\val\000000000387.png,640,480,42.36470580630833,3,3,0,3,3,0.0,0.31287191311518353
000000000387,4,outputs\conditions\severity_4\images\val\000000000387.png,640,480,28.829533939774834,3,1,0,1,3,0.0,0.4794946312904358
000000000387,5,outputs\conditions\severity_5\images\val\000000000387.png,640,480,25.3640969110171,3,2,0,2,3,0.0,0.3223179280757904
000000000389,0,outputs\conditions\severity_0\images\val\000000000389.png,640,480,1095.9245433741146,14,10,8,2,6,0.5714285714285714,0.6969427675008774
000000000389,1,outputs\conditions\severity_1\images\val\000000000389.png,640,480,139.17115312693917,14,8,7,1,7,0.5,0.7085382342338562
000000000389,2,outputs\conditions\severity_2\images\val\000000000389.png,640,480,77.40335595635308,14,7,7,0,7,0.5,0.7120771408081055
000000000389,3,outputs\conditions\severity_3\images\val\000000000389.png,640,480,73.94650200127495,14,6,6,0,8,0.42857142857142855,0.7457869052886963
000000000389,4,outputs\conditions\severity_4\images\val\000000000389.png,640,480,34.032444506316715,14,4,4,0,10,0.2857142857142857,0.6390136927366257
000000000389,5,outputs\conditions\severity_5\images\val\000000000389.png,640,480,29.007991521951894,14,3,3,0,11,0.21428571428571427,0.5185019572575887
000000000394,0,outputs\conditions\severity_0\images\val\000000000394.png,640,611,1198.179469269727,2,3,2,1,0,1.0,0.6147043506304423
000000000394,1,outputs\conditions\severity_1\images\val\000000000394.png,640,611,124.41436318673699,2,3,2,1,0,1.0,0.6297617057959238
000000000394,2,outputs\conditions\severity_2\images\val\000000000394.png,640,611,69.99617399930288,2,2,2,0,0,1.0,0.6774507015943527
000000000394,3,outputs\conditions\severity_3\images\val\000000000394.png,640,611,82.90363373814833,2,1,1,0,1,0.5,0.9482598304748535
000000000394,4,outputs\conditions\severity_4\images\val\000000000394.png,640,611,46.55571150122712,2,2,1,1,1,0.5,0.8233640789985657
000000000394,5,outputs\conditions\severity_5\images\val\000000000394.png,640,611,27.7984592146979,2,2,1,1,1,0.5,0.9039339423179626
000000000395,0,outputs\conditions\severity_0\images\val\000000000395.png,640,580,593.835259772476,13,10,7,3,6,0.5384615384615384,0.539933979511261
000000000395,1,outputs\conditions\severity_1\images\val\000000000395.png,640,580,87.93861144075336,13,6,6,0,7,0.46153846153846156,0.6939798345168432
000000000395,2,outputs\conditions\severity_2\images\val\000000000395.png,640,580,68.98757536960743,13,7,6,1,7,0.46153846153846156,0.6093250470502036
000000000395,3,outputs\conditions\severity_3\images\val\000000000395.png,640,580,33.324238042015416,13,9,6,3,7,0.46153846153846156,0.5094941722022163
000000000395,4,outputs\conditions\severity_4\images\val\000000000395.png,640,580,21.939306218851026,13,5,4,1,9,0.3076923076923077,0.6062134802341461
000000000395,5,outputs\conditions\severity_5\images\val\000000000395.png,640,580,22.426191906694733,13,5,3,2,10,0.23076923076923078,0.5665857374668122
000000000397,0,outputs\conditions\severity_0\images\val\000000000397.png,640,480,337.2716567407291,7,1,1,0,6,0.14285714285714285,0.9466680288314819
000000000397,1,outputs\conditions\severity_1\images\val\000000000397.png,640,480,124.60201489375436,7,1,1,0,6,0.14285714285714285,0.9526441693305969
000000000397,2,outputs\conditions\severity_2\images\val\000000000397.png,640,480,38.11403319014444,7,2,1,1,6,0.14285714285714285,0.5979085266590118
000000000397,3,outputs\conditions\severity_3\images\val\000000000397.png,640,480,22.01774384510252,7,2,2,0,5,0.2857142857142857,0.6001134812831879
000000000397,4,outputs\conditions\severity_4\images\val\000000000397.png,640,480,37.44564301719665,7,0,0,0,7,0.0,
000000000397,5,outputs\conditions\severity_5\images\val\000000000397.png,640,480,19.231467599985333,7,0,0,0,7,0.0,
000000000400,0,outputs\conditions\severity_0\images\val\000000000400.png,638,640,598.9351340299667,2,1,1,0,1,0.5,0.5579003691673279
000000000400,1,outputs\conditions\severity_1\images\val\000000000400.png,638,640,85.64815806729433,2,1,1,0,1,0.5,0.31490910053253174
000000000400,2,outputs\conditions\severity_2\images\val\000000000400.png,638,640,50.487531585712844,2,1,1,0,1,0.5,0.32792362570762634
000000000400,3,outputs\conditions\severity_3\images\val\000000000400.png,638,640,45.48790076134276,2,2,0,2,2,0.0,0.32431448996067047
000000000400,4,outputs\conditions\severity_4\images\val\000000000400.png,638,640,118.93463416632991,2,2,0,2,2,0.0,0.43300990760326385
000000000400,5,outputs\conditions\severity_5\images\val\000000000400.png,638,640,13.20839744736187,2,1,0,1,2,0.0,0.3697374761104584
000000000404,0,outputs\conditions\severity_0\images\val\000000000404.png,426,640,1492.6734918841148,5,4,1,3,4,0.2,0.3752455934882164
000000000404,1,outputs\conditions\severity_1\images\val\000000000404.png,426,640,370.3527651536481,5,3,2,1,3,0.4,0.4012981454531352
000000000404,2,outputs\conditions\severity_2\images\val\000000000404.png,426,640,136.37123301652952,5,2,2,0,3,0.4,0.4820513427257538
000000000404,3,outputs\conditions\severity_3\images\val\000000000404.png,426,640,68.7069686762988,5,2,1,1,4,0.2,0.2997845560312271
000000000404,4,outputs\conditions\severity_4\images\val\000000000404.png,426,640,89.55728030571137,5,0,0,0,5,0.0,
000000000404,5,outputs\conditions\severity_5\images\val\000000000404.png,426,640,50.31612699301869,5,1,1,0,4,0.2,0.2828029692173004
000000000415,0,outputs\conditions\severity_0\images\val\000000000415.png,359,640,358.01901047253614,2,2,2,0,0,1.0,0.858922928571701
000000000415,1,outputs\conditions\severity_1\images\val\000000000415.png,359,640,60.35173632493879,2,2,2,0,0,1.0,0.8735445141792297
000000000415,2,outputs\conditions\severity_2\images\val\000000000415.png,359,640,73.7409213224183,2,2,2,0,0,1.0,0.8465768694877625
000000000415,3,outputs\conditions\severity_3\images\val\000000000415.png,359,640,24.013287087488138,2,2,2,0,0,1.0,0.7723498344421387
000000000415,4,outputs\conditions\severity_4\images\val\000000000415.png,359,640,15.570063745516698,2,2,2,0,0,1.0,0.6732040494680405
000000000415,5,outputs\conditions\severity_5\images\val\000000000415.png,359,640,10.60991580221956,2,3,2,1,0,1.0,0.6068946123123169
000000000419,0,outputs\conditions\severity_0\images\val\000000000419.png,640,480,3840.1595569699507,7,5,3,2,4,0.42857142857142855,0.5228577136993409
000000000419,1,outputs\conditions\severity_1\images\val\000000000419.png,640,480,534.9222421167054,7,3,2,1,5,0.2857142857142857,0.6631340185801188
000000000419,2,outputs\conditions\severity_2\images\val\000000000419.png,640,480,343.811705680169,7,3,2,1,5,0.2857142857142857,0.6642227371533712
000000000419,3,outputs\conditions\severity_3\images\val\000000000419.png,640,480,372.75949892017576,7,2,2,0,5,0.2857142857142857,0.7866509556770325
000000000419,4,outputs\conditions\severity_4\images\val\000000000419.png,640,480,188.6924765459591,7,2,2,0,5,0.2857142857142857,0.574262946844101
000000000419,5,outputs\conditions\severity_5\images\val\000000000419.png,640,480,91.81834563785128,7,1,1,0,6,0.14285714285714285,0.8952671885490417
000000000428,0,outputs\conditions\severity_0\images\val\000000000428.png,640,360,263.4661931911703,3,2,2,0,1,0.6666666666666666,0.8844460248947144
000000000428,1,outputs\conditions\severity_1\images\val\000000000428.png,640,360,49.379971489724994,3,3,2,1,1,0.6666666666666666,0.6992187003294627
000000000428,2,outputs\conditions\severity_2\images\val\000000000428.png,640,360,28.94441049787733,3,3,2,1,1,0.6666666666666666,0.737079123655955
000000000428,3,outputs\conditions\severity_3\images\val\000000000428.png,640,360,20.46440725819152,3,2,1,1,2,0.3333333333333333,0.7474442720413208
000000000428,4,outputs\conditions\severity_4\images\val\000000000428.png,640,360,14.141345137683256,3,2,1,1,2,0.3333333333333333,0.7386561930179596
000000000428,5,outputs\conditions\severity_5\images\val\000000000428.png,640,360,11.802973238551765,3,2,1,1,2,0.3333333333333333,0.6374584138393402
000000000431,0,outputs\conditions\severity_0\images\val\000000000431.png,640,389,663.1865930264115,3,2,2,0,1,0.6666666666666666,0.9026303589344025
000000000431,1,outputs\conditions\severity_1\images\val\000000000431.png,640,389,131.96018229857737,3,2,2,0,1,0.6666666666666666,0.8882515132427216
000000000431,2,outputs\conditions\severity_2\images\val\000000000431.png,640,389,80.06626491188885,3,3,2,1,1,0.6666666666666666,0.7143050332864126
000000000431,3,outputs\conditions\severity_3\images\val\000000000431.png,640,389,70.11694150672905,3,4,2,2,1,0.6666666666666666,0.5747744888067245
000000000431,4,outputs\conditions\severity_4\images\val\000000000431.png,640,389,34.55189988151159,3,2,2,0,1,0.6666666666666666,0.7398834228515625
000000000431,5,outputs\conditions\severity_5\images\val\000000000431.png,640,389,24.367567455357214,3,1,1,0,2,0.3333333333333333,0.5909309983253479
000000000436,0,outputs\conditions\severity_0\images\val\000000000436.png,427,640,260.85048999238614,2,3,2,1,0,1.0,0.8673760294914246
000000000436,1,outputs\conditions\severity_1\images\val\000000000436.png,427,640,50.65346725342435,2,2,2,0,0,1.0,0.5778784602880478
000000000436,2,outputs\conditions\severity_2\images\val\000000000436.png,427,640,46.1793794084409,2,2,2,0,0,1.0,0.5698098391294479
000000000436,3,outputs\conditions\severity_3\images\val\000000000436.png,427,640,14.018339950495996,2,1,1,0,1,0.5,0.8479257225990295
000000000436,4,outputs\conditions\severity_4\images\val\000000000436.png,427,640,11.20716033922324,2,2,1,1,1,0.5,0.556619256734848
000000000436,5,outputs\conditions\severity_5\images\val\000000000436.png,427,640,10.040380938898895,2,1,1,0,1,0.5,0.8235242366790771
000000000438,0,outputs\conditions\severity_0\images\val\000000000438.png,640,480,1581.7719821762087,13,21,13,8,0,1.0,0.737790964898609
000000000438,1,outputs\conditions\severity_1\images\val\000000000438.png,640,480,215.55968436648055,13,22,13,9,0,1.0,0.5478762306950309
000000000438,2,outputs\conditions\severity_2\images\val\000000000438.png,640,480,141.7091116372744,13,7,6,1,7,0.46153846153846156,0.5401825393949237
000000000438,3,outputs\conditions\severity_3\images\val\000000000438.png,640,480,87.8008449177636,13,10,8,2,5,0.6153846153846154,0.5432530671358109
000000000438,4,outputs\conditions\severity_4\images\val\000000000438.png,640,480,60.43353103027346,13,0,0,0,13,0.0,
000000000438,5,outputs\conditions\severity_5\images\val\000000000438.png,640,480,46.51727009403441,13,3,2,1,11,0.15384615384615385,0.3172414501508077
000000000443,0,outputs\conditions\severity_0\images\val\000000000443.png,640,480,224.9879492280642,6,4,2,2,4,0.3333333333333333,0.513151116669178
000000000443,1,outputs\conditions\severity_1\images\val\000000000443.png,640,480,44.69910881207784,6,4,3,1,3,0.5,0.4616377428174019
000000000443,2,outputs\conditions\severity_2\images\val\000000000443.png,640,480,27.370535172356504,6,5,3,2,3,0.5,0.3342944622039795
000000000443,3,outputs\conditions\severity_3\images\val\000000000443.png,640,480,18.00817663742701,6,3,2,1,4,0.3333333333333333,0.4421858290831248
000000000443,4,outputs\conditions\severity_4\images\val\000000000443.png,640,480,13.988335207102033,6,2,1,1,5,0.16666666666666666,0.6089742183685303
000000000443,5,outputs\conditions\severity_5\images\val\000000000443.png,640,480,9.550189901977115,6,3,2,1,4,0.3333333333333333,0.342728187640508
000000000446,0,outputs\conditions\severity_0\images\val\000000000446.png,480,640,512.4197482367199,13,3,3,0,10,0.23076923076923078,0.6535316507021586
000000000446,1,outputs\conditions\severity_1\images\val\000000000446.png,480,640,86.53112552960717,13,2,1,1,12,0.07692307692307693,0.639484241604805
000000000446,2,outputs\conditions\severity_2\images\val\000000000446.png,480,640,52.74623335341346,13,4,1,3,12,0.07692307692307693,0.5066539347171783
000000000446,3,outputs\conditions\severity_3\images\val\000000000446.png,480,640,34.62753532654443,13,2,1,1,12,0.07692307692307693,0.6267059743404388
000000000446,4,outputs\conditions\severity_4\images\val\000000000446.png,480,640,27.102411841487875,13,1,1,0,12,0.07692307692307693,0.7294156551361084
000000000446,5,outputs\conditions\severity_5\images\val\000000000446.png,480,640,15.607675561523438,13,1,1,0,12,0.07692307692307693,0.7135671973228455
000000000450,0,outputs\conditions\severity_0\images\val\000000000450.png,640,480,403.93628579575227,4,6,4,2,0,1.0,0.6340160667896271
000000000450,1,outputs\conditions\severity_1\images\val\000000000450.png,640,480,64.35558773421181,4,6,4,2,0,1.0,0.6358598073323568
000000000450,2,outputs\conditions\severity_2\images\val\000000000450.png,640,480,37.16079707199731,4,6,4,2,0,1.0,0.5780182679494222
000000000450,3,outputs\conditions\severity_3\images\val\000000000450.png,640,480,23.69829043043984,4,4,3,1,1,0.75,0.7239005491137505
000000000450,4,outputs\conditions\severity_4\images\val\000000000450.png,640,480,19.002428100416395,4,4,2,2,2,0.5,0.42051199078559875
000000000450,5,outputs\conditions\severity_5\images\val\000000000450.png,640,480,21.03853891193602,4,0,0,0,4,0.0,
000000000459,0,outputs\conditions\severity_0\images\val\000000000459.png,516,640,353.3468986481522,2,2,2,0,0,1.0,0.9021580219268799
000000000459,1,outputs\conditions\severity_1\images\val\000000000459.png,516,640,51.194968804317675,2,2,2,0,0,1.0,0.8611798882484436
000000000459,2,outputs\conditions\severity_2\images\val\000000000459.png,516,640,30.897383996415517,2,2,2,0,0,1.0,0.8482967019081116
000000000459,3,outputs\conditions\severity_3\images\val\000000000459.png,516,640,17.90305056057385,2,3,2,1,0,1.0,0.6971515913804373
000000000459,4,outputs\conditions\severity_4\images\val\000000000459.png,516,640,11.23437119902015,2,2,2,0,0,1.0,0.6961328387260437
000000000459,5,outputs\conditions\severity_5\images\val\000000000459.png,516,640,9.524768852003277,2,3,2,1,0,1.0,0.5207134783267975
000000000471,0,outputs\conditions\severity_0\images\val\000000000471.png,640,427,1260.793205885506,2,1,1,0,1,0.5,0.9422041177749634
000000000471,1,outputs\conditions\severity_1\images\val\000000000471.png,640,427,151.03150950148358,2,1,1,0,1,0.5,0.9315510392189026
000000000471,2,outputs\conditions\severity_2\images\val\000000000471.png,640,427,252.28539882230783,2,1,1,0,1,0.5,0.9379843473434448
000000000471,3,outputs\conditions\severity_3\images\val\000000000471.png,640,427,66.18674446539421,2,1,1,0,1,0.5,0.9308536052703857
000000000471,4,outputs\conditions\severity_4\images\val\000000000471.png,640,427,74.15598817578676,2,1,1,0,1,0.5,0.9290949702262878
000000000471,5,outputs\conditions\severity_5\images\val\000000000471.png,640,427,29.5312046655702,2,1,1,0,1,0.5,0.8750669360160828
000000000472,0,outputs\conditions\severity_0\images\val\000000000472.png,640,226,168.52706014822726,1,1,1,0,0,1.0,0.8156636357307434
000000000472,1,outputs\conditions\severity_1\images\val\000000000472.png,640,226,25.945485296985055,1,1,1,0,0,1.0,0.5926430821418762
000000000472,2,outputs\conditions\severity_2\images\val\000000000472.png,640,226,23.594876889905407,1,1,0,1,1,0.0,0.4320203363895416
000000000472,3,outputs\conditions\severity_3\images\val\000000000472.png,640,226,10.18132583631309,1,0,0,0,1,0.0,
000000000472,4,outputs\conditions\severity_4\images\val\000000000472.png,640,226,13.695478427482762,1,0,0,0,1,0.0,
000000000472,5,outputs\conditions\severity_5\images\val\000000000472.png,640,226,6.0193429259752,1,0,0,0,1,0.0,
000000000474,0,outputs\conditions\severity_0\images\val\000000000474.png,333,500,2207.7186213492414,2,2,2,0,0,1.0,0.8829583525657654
000000000474,1,outputs\conditions\severity_1\images\val\000000000474.png,333,500,276.29822085909336,2,2,2,0,0,1.0,0.7014359533786774
000000000474,2,outputs\conditions\severity_2\images\val\000000000474.png,333,500,192.44200786656927,2,2,2,0,0,1.0,0.6958698630332947
000000000474,3,outputs\conditions\severity_3\images\val\000000000474.png,333,500,156.36744563749338,2,2,2,0,0,1.0,0.8521372973918915
000000000474,4,outputs\conditions\severity_4\images\val\000000000474.png,333,500,67.76743284459235,2,1,1,0,1,0.5,0.9139305949211121
000000000474,5,outputs\conditions\severity_5\images\val\000000000474.png,333,500,73.84739058406154,2,1,1,0,1,0.5,0.8368930816650391
000000000486,0,outputs\conditions\severity_0\images\val\000000000486.png,640,427,2353.6907573320277,8,6,1,5,7,0.125,0.4262195775906245
000000000486,1,outputs\conditions\severity_1\images\val\000000000486.png,640,427,593.8540323664572,8,2,1,1,7,0.125,0.5969588160514832
000000000486,2,outputs\conditions\severity_2\images\val\000000000486.png,640,427,155.6718028663667,8,3,1,2,7,0.125,0.495805303255717
000000000486,3,outputs\conditions\severity_3\images\val\000000000486.png,640,427,148.13144231868452,8,1,1,0,7,0.125,0.7027532458305359
000000000486,4,outputs\conditions\severity_4\images\val\000000000486.png,640,427,95.05833502213034,8,1,1,0,7,0.125,0.7778159976005554
000000000486,5,outputs\conditions\severity_5\images\val\000000000486.png,640,427,132.84284323179986,8,2,1,1,7,0.125,0.47497010231018066
000000000488,0,outputs\conditions\severity_0\images\val\000000000488.png,640,406,1982.3336479741133,10,6,6,0,4,0.6,0.7339709997177124
000000000488,1,outputs\conditions\severity_1\images\val\000000000488.png,640,406,300.19092688325384,10,5,5,0,5,0.5,0.7420668005943298
000000000488,2,outputs\conditions\severity_2\images\val\000000000488.png,640,406,157.8220379601348,10,6,4,2,6,0.4,0.6430419385433197
000000000488,3,outputs\conditions\severity_3\images\val\000000000488.png,640,406,105.36425869131799,10,6,4,2,6,0.4,0.5821017076571783
000000000488,4,outputs\conditions\severity_4\images\val\000000000488.png,640,406,72.2846465025601,10,6,2,4,8,0.2,0.4463963856299718
000000000488,5,outputs\conditions\severity_5\images\val\000000000488.png,640,406,62.56858291037604,10,3,1,2,9,0.1,0.4990028937657674
000000000490,0,outputs\conditions\severity_0\images\val\000000000490.png,500,495,590.419293124783,2,2,2,0,0,1.0,0.7068341970443726
000000000490,1,outputs\conditions\severity_1\images\val\000000000490.png,500,495,63.617377131296806,2,2,1,1,1,0.5,0.42499756813049316
000000000490,2,outputs\conditions\severity_2\images\val\000000000490.png,500,495,40.00517501693296,2,2,1,1,1,0.5,0.3540739417076111
000000000490,3,outputs\conditions\severity_3\images\val\000000000490.png,500,495,36.16302996451791,2,0,0,0,2,0.0,
000000000490,4,outputs\conditions\severity_4\images\val\000000000490.png,500,495,30.475999602718083,2,0,0,0,2,0.0,
000000000490,5,outputs\conditions\severity_5\images\val\000000000490.png,500,495,11.979115082542597,2,0,0,0,2,0.0,
000000000491,0,outputs\conditions\severity_0\images\val\000000000491.png,500,313,1084.534129899213,4,1,1,0,3,0.25,0.8378751873970032
000000000491,1,outputs\conditions\severity_1\images\val\000000000491.png,500,313,152.2570028264043,4,2,1,1,3,0.25,0.4821297824382782
000000000491,2,outputs\conditions\severity_2\images\val\000000000491.png,500,313,128.4066951487103,4,3,1,2,3,0.25,0.36716041962305707
000000000491,3,outputs\conditions\severity_3\images\val\000000000491.png,500,313,54.24440486864212,4,1,0,1,4,0.0,0.7446956634521484
000000000491,4,outputs\conditions\severity_4\images\val\000000000491.png,500,313,32.9266246112954,4,1,0,1,4,0.0,0.7071841955184937
000000000491,5,outputs\conditions\severity_5\images\val\000000000491.png,500,313,24.900929473608993,4,1,0,1,4,0.0,0.43059107661247253
000000000502,0,outputs\conditions\severity_0\images\val\000000000502.png,640,427,6092.677851266298,1,1,1,0,0,1.0,0.9099521040916443
000000000502,1,outputs\conditions\severity_1\images\val\000000000502.png,640,427,997.1971785345012,1,1,1,0,0,1.0,0.9333757162094116
000000000502,2,outputs\conditions\severity_2\images\val\000000000502.png,640,427,598.1875612383378,1,1,1,0,0,1.0,0.7154965996742249
000000000502,3,outputs\conditions\severity_3\images\val\000000000502.png,640,427,367.6973236030056,1,1,1,0,0,1.0,0.7083989381790161
000000000502,4,outputs\conditions\severity_4\images\val\000000000502.png,640,427,293.84246060671063,1,0,0,0,1,0.0,
000000000502,5,outputs\conditions\severity_5\images\val\000000000502.png,640,427,242.73195566589476,1,1,0,1,1,0.0,0.4458576440811157
000000000508,0,outputs\conditions\severity_0\images\val\000000000508.png,640,480,1053.4390075953165,0,0,0,0,0,,
000000000508,1,outputs\conditions\severity_1\images\val\000000000508.png,640,480,277.43388539085385,0,0,0,0,0,,
000000000508,2,outputs\conditions\severity_2\images\val\000000000508.png,640,480,216.98334555863275,0,0,0,0,0,,
000000000508,3,outputs\conditions\severity_3\images\val\000000000508.png,640,480,69.55232362857393,0,0,0,0,0,,
000000000508,4,outputs\conditions\severity_4\images\val\000000000508.png,640,480,50.89835590310626,0,0,0,0,0,,
000000000508,5,outputs\conditions\severity_5\images\val\000000000508.png,640,480,29.43047848585978,0,0,0,0,0,,
000000000510,0,outputs\conditions\severity_0\images\val\000000000510.png,640,480,3871.9122564686686,3,3,2,1,1,0.6666666666666666,0.7197013000647227
000000000510,1,outputs\conditions\severity_1\images\val\000000000510.png,640,480,569.6769783863916,3,3,2,1,1,0.6666666666666666,0.6787891189257304
000000000510,2,outputs\conditions\severity_2\images\val\000000000510.png,640,480,683.0279989055953,3,3,2,1,1,0.6666666666666666,0.6592482129732767
000000000510,3,outputs\conditions\severity_3\images\val\000000000510.png,640,480,164.058361297565,3,3,2,1,1,0.6666666666666666,0.5500658253828684
000000000510,4,outputs\conditions\severity_4\images\val\000000000510.png,640,480,104.93190413071315,3,3,2,1,1,0.6666666666666666,0.4738125403722127
000000000510,5,outputs\conditions\severity_5\images\val\000000000510.png,640,480,136.50954242747628,3,1,1,0,2,0.3333333333333333,0.7226358652114868
000000000514,0,outputs\conditions\severity_0\images\val\000000000514.png,360,640,181.81588338999805,1,0,0,0,1,0.0,
000000000514,1,outputs\conditions\severity_1\images\val\000000000514.png,360,640,30.176514055247356,1,0,0,0,1,0.0,
000000000514,2,outputs\conditions\severity_2\images\val\000000000514.png,360,640,20.13003352593316,1,0,0,0,1,0.0,
000000000514,3,outputs\conditions\severity_3\images\val\000000000514.png,360,640,12.257933403787495,1,0,0,0,1,0.0,
000000000514,4,outputs\conditions\severity_4\images\val\000000000514.png,360,640,10.528206528482318,1,0,0,0,1,0.0,
000000000514,5,outputs\conditions\severity_5\images\val\000000000514.png,360,640,8.516121281357753,1,1,1,0,0,1.0,0.28277134895324707
000000000520,0,outputs\conditions\severity_0\images\val\000000000520.png,640,480,2587.5330219641687,11,7,7,0,4,0.6363636363636364,0.5909154798303332
000000000520,1,outputs\conditions\severity_1\images\val\000000000520.png,640,480,333.08066453993047,11,7,7,0,4,0.6363636363636364,0.4660134017467499
000000000520,2,outputs\conditions\severity_2\images\val\000000000520.png,640,480,197.63513841548502,11,8,6,2,5,0.5454545454545454,0.4889564625918865
000000000520,3,outputs\conditions\severity_3\images\val\000000000520.png,640,480,659.5924189731916,11,3,0,3,11,0.0,0.4208686550458272
000000000520,4,outputs\conditions\severity_4\images\val\000000000520.png,640,480,112.87724408229192,11,0,0,0,11,0.0,
000000000520,5,outputs\conditions\severity_5\images\val\000000000520.png,640,480,60.84093390527301,11,0,0,0,11,0.0,
000000000529,0,outputs\conditions\severity_0\images\val\000000000529.png,427,640,4630.637013147622,3,3,2,1,1,0.6666666666666666,0.6560719509919485
000000000529,1,outputs\conditions\severity_1\images\val\000000000529.png,427,640,662.374610434426,3,2,2,0,1,0.6666666666666666,0.8034448027610779
000000000529,2,outputs\conditions\severity_2\images\val\000000000529.png,427,640,349.58306848852,3,2,2,0,1,0.6666666666666666,0.7252662181854248
000000000529,3,outputs\conditions\severity_3\images\val\000000000529.png,427,640,363.7251247396185,3,3,2,1,1,0.6666666666666666,0.36849749088287354
000000000529,4,outputs\conditions\severity_4\images\val\000000000529.png,427,640,190.12201164430098,3,2,0,2,3,0.0,0.3706701844930649
000000000529,5,outputs\conditions\severity_5\images\val\000000000529.png,427,640,94.0079785856151,3,1,1,0,2,0.3333333333333333,0.47355690598487854
000000000531,0,outputs\conditions\severity_0\images\val\000000000531.png,640,480,1486.9197387644026,15,8,7,1,8,0.4666666666666667,0.6600630134344101
000000000531,1,outputs\conditions\severity_1\images\val\000000000531.png,640,480,412.5588409321679,15,4,3,1,12,0.2,0.7320282086730003
000000000531,2,outputs\conditions\severity_2\images\val\000000000531.png,640,480,308.1593874796126,15,3,2,1,13,0.13333333333333333,0.7873120705286661
000000000531,3,outputs\conditions\severity_3\images\val\000000000531.png,640,480,106.75554672745598,15,2,1,1,14,0.06666666666666667,0.6218908131122589
000000000531,4,outputs\conditions\severity_4\images\val\000000000531.png,640,480,85.4279589805497,15,2,1,1,14,0.06666666666666667,0.3987409621477127
000000000531,5,outputs\conditions\severity_5\images\val\000000000531.png,640,480,108.55095509016249,15,0,0,0,15,0.0,
000000000532,0,outputs\conditions\severity_0\images\val\000000000532.png,640,480,4384.434065044391,8,5,4,1,4,0.5,0.6845625817775727
000000000532,1,outputs\conditions\severity_1\images\val\000000000532.png,640,480,589.9150344263606,8,5,4,1,4,0.5,0.7107422411441803
000000000532,2,outputs\conditions\severity_2\images\val\000000000532.png,640,480,388.4949439506425,8,4,4,0,4,0.5,0.8230472356081009
000000000532,3,outputs\conditions\severity_3\images\val\000000000532.png,640,480,494.92690064286114,8,3,3,0,5,0.375,0.8242305914560953
000000000532,4,outputs\conditions\severity_4\images\val\000000000532.png,640,480,154.78944894764163,8,5,3,2,5,0.375,0.42624856233596803
000000000532,5,outputs\conditions\severity_5\images\val\000000000532.png,640,480,141.6089157803747,8,3,1,2,7,0.125,0.4938202699025472
000000000536,0,outputs\conditions\severity_0\images\val\000000000536.png,448,336,689.8536048930029,11,3,3,0,8,0.2727272727272727,0.9111692905426025
000000000536,1,outputs\conditions\severity_1\images\val\000000000536.png,448,336,86.43032249677704,11,4,3,1,8,0.2727272727272727,0.751655600965023
000000000536,2,outputs\conditions\severity_2\images\val\000000000536.png,448,336,67.09453087783355,11,5,3,2,8,0.2727272727272727,0.5629029631614685
000000000536,3,outputs\conditions\severity_3\images\val\000000000536.png,448,336,34.62748267820627,11,4,3,1,8,0.2727272727272727,0.7112588137388229
000000000536,4,outputs\conditions\severity_4\images\val\000000000536.png,448,336,21.59786706970602,11,4,3,1,8,0.2727272727272727,0.45519717037677765
000000000536,5,outputs\conditions\severity_5\images\val\000000000536.png,448,336,23.756781345393733,11,1,0,1,11,0.0,0.4363148808479309
000000000540,0,outputs\conditions\severity_0\images\val\000000000540.png,640,425,4327.186919700353,20,1,1,0,19,0.05,0.830036997795105
000000000540,1,outputs\conditions\severity_1\images\val\000000000540.png,640,425,565.6266895220049,20,1,1,0,19,0.05,0.853987455368042
000000000540,2,outputs\conditions\severity_2\images\val\000000000540.png,640,425,239.90538041975293,20,1,1,0,19,0.05,0.7985406517982483
000000000540,3,outputs\conditions\severity_3\images\val\000000000540.png,640,425,157.97838313850295,20,0,0,0,20,0.0,
000000000540,4,outputs\conditions\severity_4\images\val\000000000540.png,640,425,234.54451449805364,20,0,0,0,20,0.0,
000000000540,5,outputs\conditions\severity_5\images\val\000000000540.png,640,425,120.731484658291,20,0,0,0,20,0.0,
000000000542,0,outputs\conditions\severity_0\images\val\000000000542.png,640,484,2026.185043447049,17,13,11,2,6,0.6470588235294118,0.54466234262173
000000000542,1,outputs\conditions\severity_1\images\val\000000000542.png,640,484,365.4880742932129,17,13,10,3,7,0.5882352941176471,0.5291220568693601
000000000542,2,outputs\conditions\severity_2\images\val\000000000542.png,640,484,198.592565175498,17,8,8,0,9,0.47058823529411764,0.6032738983631134
000000000542,3,outputs\conditions\severity_3\images\val\000000000542.png,640,484,104.57623593209686,17,5,4,1,13,0.23529411764705882,0.5071783483028411
000000000542,4,outputs\conditions\severity_4\images\val\000000000542.png,640,484,74.64137658993018,17,2,1,1,16,0.058823529411764705,0.35804393887519836
000000000542,5,outputs\conditions\severity_5\images\val\000000000542.png,640,484,86.80179714529346,17,0,0,0,17,0.0,
000000000544,0,outputs\conditions\severity_0\images\val\000000000544.png,640,427,9604.321042430029,16,11,11,0,5,0.6875,0.5512579218907789
000000000544,1,outputs\conditions\severity_1\images\val\000000000544.png,640,427,1392.4001788410385,16,13,12,1,4,0.75,0.5799432121790372
000000000544,2,outputs\conditions\severity_2\images\val\000000000544.png,640,427,811.6228241551307,16,15,12,3,4,0.75,0.5472197433312734
000000000544,3,outputs\conditions\severity_3\images\val\000000000544.png,640,427,517.1432718356647,16,9,7,2,9,0.4375,0.5849284165435367
000000000544,4,outputs\conditions\severity_4\images\val\000000000544.png,640,427,338.3520867085216,16,5,2,3,14,0.125,0.46090524196624755
000000000544,5,outputs\conditions\severity_5\images\val\000000000544.png,640,427,304.9321095620331,16,5,3,2,13,0.1875,0.4076243579387665
000000000560,0,outputs\conditions\severity_0\images\val\000000000560.png,460,312,4190.3214231104785,5,2,2,0,3,0.4,0.7106447219848633
000000000560,1,outputs\conditions\severity_1\images\val\000000000560.png,460,312,652.227609057969,5,1,1,0,4,0.2,0.27915096282958984
000000000560,2,outputs\conditions\severity_2\images\val\000000000560.png,460,312,384.6231242838137,5,0,0,0,5,0.0,
000000000560,3,outputs\conditions\severity_3\images\val\000000000560.png,460,312,217.50341908616483,5,0,0,0,5,0.0,
000000000560,4,outputs\conditions\severity_4\images\val\000000000560.png,460,312,237.63841791304063,5,0,0,0,5,0.0,
000000000560,5,outputs\conditions\severity_5\images\val\000000000560.png,460,312,163.057445143969,5,0,0,0,5,0.0,
000000000562,0,outputs\conditions\severity_0\images\val\000000000562.png,423,640,16.648789759995907,4,3,3,0,1,0.75,0.4806950589021047
000000000562,1,outputs\conditions\severity_1\images\val\000000000562.png,423,640,4.538447178190704,4,3,1,2,3,0.25,0.6187136272589365
000000000562,2,outputs\conditions\severity_2\images\val\000000000562.png,423,640,3.1371672248489624,4,4,2,2,2,0.5,0.5373449176549911
000000000562,3,outputs\conditions\severity_3\images\val\000000000562.png,423,640,2.5104636951296846,4,3,1,2,3,0.25,0.3070310453573863
000000000562,4,outputs\conditions\severity_4\images\val\000000000562.png,423,640,2.2475248773905916,4,0,0,0,4,0.0,
000000000562,5,outputs\conditions\severity_5\images\val\000000000562.png,423,640,2.433909952026515,4,0,0,0,4,0.0,
000000000564,0,outputs\conditions\severity_0\images\val\000000000564.png,520,640,1206.2435675038353,16,30,15,15,1,0.9375,0.44726547598838806
000000000564,1,outputs\conditions\severity_1\images\val\000000000564.png,520,640,221.88611335257806,16,22,11,11,5,0.6875,0.41775013641877606
000000000564,2,outputs\conditions\severity_2\images\val\000000000564.png,520,640,97.21071152676011,16,3,3,0,13,0.1875,0.4979913632074992
000000000564,3,outputs\conditions\severity_3\images\val\000000000564.png,520,640,50.686530640506184,16,1,1,0,15,0.0625,0.8616942167282104
000000000564,4,outputs\conditions\severity_4\images\val\000000000564.png,520,640,182.68562667109921,16,2,1,1,15,0.0625,0.5067195296287537
000000000564,5,outputs\conditions\severity_5\images\val\000000000564.png,520,640,36.2708486046334,16,2,1,1,15,0.0625,0.43212956190109253
000000000569,0,outputs\conditions\severity_0\images\val\000000000569.png,640,480,1465.656881232325,5,1,1,0,4,0.2,0.8694440126419067
000000000569,1,outputs\conditions\severity_1\images\val\000000000569.png,640,480,185.11632770957948,5,1,1,0,4,0.2,0.879460871219635
000000000569,2,outputs\conditions\severity_2\images\val\000000000569.png,640,480,163.95655556572805,5,1,1,0,4,0.2,0.8168312907218933
000000000569,3,outputs\conditions\severity_3\images\val\000000000569.png,640,480,80.46919919433594,5,1,1,0,4,0.2,0.826376736164093
000000000569,4,outputs\conditions\severity_4\images\val\000000000569.png,640,480,59.210181650416054,5,1,1,0,4,0.2,0.7976639866828918
000000000569,5,outputs\conditions\severity_5\images\val\000000000569.png,640,480,45.37332304076089,5,1,1,0,4,0.2,0.5671492218971252
000000000572,0,outputs\conditions\severity_0\images\val\000000000572.png,427,640,429.09290103838515,3,3,3,0,0,1.0,0.8463582396507263
000000000572,1,outputs\conditions\severity_1\images\val\000000000572.png,427,640,51.892125289405904,3,3,3,0,0,1.0,0.8465853730837504
000000000572,2,outputs\conditions\severity_2\images\val\000000000572.png,427,640,66.45211108227983,3,3,3,0,0,1.0,0.8243731260299683
000000000572,3,outputs\conditions\severity_3\images\val\000000000572.png,427,640,18.37890608455174,3,3,2,1,1,0.6666666666666666,0.5339941084384918
000000000572,4,outputs\conditions\severity_4\images\val\000000000572.png,427,640,15.058771832100215,3,1,1,0,2,0.3333333333333333,0.7365108132362366
000000000572,5,outputs\conditions\severity_5\images\val\000000000572.png,427,640,12.841685717430249,3,2,1,1,2,0.3333333333333333,0.4000864028930664
000000000575,0,outputs\conditions\severity_0\images\val\000000000575.png,640,513,29508.84837708468,1,1,1,0,0,1.0,0.8510980010032654
000000000575,1,outputs\conditions\severity_1\images\val\000000000575.png,640,513,3948.817764666986,1,1,1,0,0,1.0,0.5888535976409912
000000000575,2,outputs\conditions\severity_2\images\val\000000000575.png,640,513,2464.1262486390333,1,1,0,1,1,0.0,0.6308139562606812
000000000575,3,outputs\conditions\severity_3\images\val\000000000575.png,640,513,2187.286671539368,1,1,0,1,1,0.0,0.4365486204624176
000000000575,4,outputs\conditions\severity_4\images\val\000000000575.png,640,513,989.4748198604285,1,1,0,1,1,0.0,0.36213037371635437
000000000575,5,outputs\conditions\severity_5\images\val\000000000575.png,640,513,957.0793524569225,1,1,0,1,1,0.0,0.3057238459587097
000000000581,0,outputs\conditions\severity_0\images\val\000000000581.png,473,500,1011.8927384584741,1,1,1,0,0,1.0,0.2561170160770416
000000000581,1,outputs\conditions\severity_1\images\val\000000000581.png,473,500,122.93815220683953,1,2,0,2,1,0.0,0.5086384862661362
000000000581,2,outputs\conditions\severity_2\images\val\000000000581.png,473,500,88.6503847708612,1,3,0,3,1,0.0,0.34147246678670246
000000000581,3,outputs\conditions\severity_3\images\val\000000000581.png,473,500,88.02842701480809,1,2,0,2,1,0.0,0.3998677283525467
000000000581,4,outputs\conditions\severity_4\images\val\000000000581.png,473,500,30.953361490660587,1,1,0,1,1,0.0,0.3667394518852234
000000000581,5,outputs\conditions\severity_5\images\val\000000000581.png,473,500,48.421010559650284,1,1,0,1,1,0.0,0.2549343407154083
000000000584,0,outputs\conditions\severity_0\images\val\000000000584.png,640,426,505.66837676655547,14,6,4,2,10,0.2857142857142857,0.42726660271485645
000000000584,1,outputs\conditions\severity_1\images\val\000000000584.png,640,426,91.40741812428882,14,10,7,3,7,0.5,0.36599330604076385
000000000584,2,outputs\conditions\severity_2\images\val\000000000584.png,640,426,59.111451836638786,14,9,7,2,7,0.5,0.37521206008063424
000000000584,3,outputs\conditions\severity_3\images\val\000000000584.png,640,426,38.99539777465194,14,4,3,1,11,0.21428571428571427,0.31103989481925964
000000000584,4,outputs\conditions\severity_4\images\val\000000000584.png,640,426,26.96262205738412,14,1,1,0,13,0.07142857142857142,0.296939492225647
000000000584,5,outputs\conditions\severity_5\images\val\000000000584.png,640,426,24.221923778604314,14,0,0,0,14,0.0,
000000000589,0,outputs\conditions\severity_0\images\val\000000000589.png,640,480,480.9927148403167,2,1,1,0,1,0.5,0.890311062335968
000000000589,1,outputs\conditions\severity_1\images\val\000000000589.png,640,480,54.21819318304062,2,1,1,0,1,0.5,0.8646278977394104
000000000589,2,outputs\conditions\severity_2\images\val\000000000589.png,640,480,31.43520437824461,2,2,1,1,1,0.5,0.6292806565761566
000000000589,3,outputs\conditions\severity_3\images\val\000000000589.png,640,480,20.67547827401691,2,2,1,1,1,0.5,0.6171481162309647
000000000589,4,outputs\conditions\severity_4\images\val\000000000589.png,640,480,20.32821614375644,2,1,1,0,1,0.5,0.8661025166511536
000000000589,5,outputs\conditions\severity_5\images\val\000000000589.png,640,480,12.383089190917547,2,1,1,0,1,0.5,0.6730954051017761
000000000590,0,outputs\conditions\severity_0\images\val\000000000590.png,409,500,4542.16769475467,2,1,0,1,2,0.0,0.7165168523788452
000000000590,1,outputs\conditions\severity_1\images\val\000000000590.png,409,500,643.5305471320471,2,1,0,1,2,0.0,0.4860422909259796
000000000590,2,outputs\conditions\severity_2\images\val\000000000590.png,409,500,631.057582171221,2,0,0,0,2,0.0,
000000000590,3,outputs\conditions\severity_3\images\val\000000000590.png,409,500,203.02789719666907,2,2,0,2,2,0.0,0.2681764215230942
000000000590,4,outputs\conditions\severity_4\images\val\000000000590.png,409,500,176.2111420589547,2,0,0,0,2,0.0,
000000000590,5,outputs\conditions\severity_5\images\val\000000000590.png,409,500,112.4484155530156,2,0,0,0,2,0.0,
000000000595,0,outputs\conditions\severity_0\images\val\000000000595.png,640,480,9432.485346446983,1,0,0,0,1,0.0,
000000000595,1,outputs\conditions\severity_1\images\val\000000000595.png,640,480,1124.5085912704467,1,1,1,0,0,1.0,0.2883637547492981
000000000595,2,outputs\conditions\severity_2\images\val\000000000595.png,640,480,1035.562571113491,1,0,0,0,1,0.0,
000000000595,3,outputs\conditions\severity_3\images\val\000000000595.png,640,480,754.8524647133722,1,0,0,0,1,0.0,
000000000595,4,outputs\conditions\severity_4\images\val\000000000595.png,640,480,511.6640975405269,1,0,0,0,1,0.0,
000000000595,5,outputs\conditions\severity_5\images\val\000000000595.png,640,480,257.74049911799955,1,0,0,0,1,0.0,
000000000597,0,outputs\conditions\severity_0\images\val\000000000597.png,640,248,2163.623413339946,7,7,7,0,0,1.0,0.7617484842027936
000000000597,1,outputs\conditions\severity_1\images\val\000000000597.png,640,248,335.1496325537119,7,9,7,2,0,1.0,0.5168151524331834
000000000597,2,outputs\conditions\severity_2\images\val\000000000597.png,640,248,263.0680227600796,7,5,5,0,2,0.7142857142857143,0.5190802633762359
000000000597,3,outputs\conditions\severity_3\images\val\000000000597.png,640,248,148.02780621420453,7,0,0,0,7,0.0,
000000000597,4,outputs\conditions\severity_4\images\val\000000000597.png,640,248,105.31917557635988,7,0,0,0,7,0.0,
000000000597,5,outputs\conditions\severity_5\images\val\000000000597.png,640,248,77.30006853577994,7,0,0,0,7,0.0,
000000000599,0,outputs\conditions\severity_0\images\val\000000000599.png,640,407,3320.4676465068364,5,7,5,2,0,1.0,0.598109803029469
000000000599,1,outputs\conditions\severity_1\images\val\000000000599.png,640,407,489.7232205271807,5,5,4,1,1,0.8,0.7077754616737366
000000000599,2,outputs\conditions\severity_2\images\val\000000000599.png,640,407,284.7866530941837,5,4,3,1,2,0.6,0.7351571619510651
000000000599,3,outputs\conditions\severity_3\images\val\000000000599.png,640,407,212.46219147654642,5,3,2,1,3,0.4,0.6463509798049927
000000000599,4,outputs\conditions\severity_4\images\val\000000000599.png,640,407,150.16117879498785,5,3,2,1,3,0.4,0.31343698501586914
000000000599,5,outputs\conditions\severity_5\images\val\000000000599.png,640,407,136.35592649121787,5,1,0,1,5,0.0,0.38089293241500854
000000000605,0,outputs\conditions\severity_0\images\val\000000000605.png,640,480,4386.0158485038655,4,6,4,2,0,1.0,0.705758735537529
000000000605,1,outputs\conditions\severity_1\images\val\000000000605.png,640,480,348.25026258527976,4,6,4,2,0,1.0,0.6266419341166815
000000000605,2,outputs\conditions\severity_2\images\val\000000000605.png,640,480,177.04013846459924,4,3,3,0,1,0.75,0.6862159967422485
000000000605,3,outputs\conditions\severity_3\images\val\000000000605.png,640,480,239.32655464298466,4,3,2,1,2,0.5,0.6426601807276408
000000000605,4,outputs\conditions\severity_4\images\val\000000000605.png,640,480,80.6266372882419,4,2,2,0,2,0.5,0.8098084330558777
000000000605,5,outputs\conditions\severity_5\images\val\000000000605.png,640,480,79.22031501562329,4,2,2,0,2,0.5,0.7443069219589233
000000000612,0,outputs\conditions\severity_0\images\val\000000000612.png,640,480,4431.448564895587,11,12,6,6,5,0.5454545454545454,0.45354348917802173
000000000612,1,outputs\conditions\severity_1\images\val\000000000612.png,640,480,578.4373785191747,11,3,0,3,11,0.0,0.33064256111780804
000000000612,2,outputs\conditions\severity_2\images\val\000000000612.png,640,480,346.5149218505859,11,1,1,0,10,0.09090909090909091,0.30927881598472595
000000000612,3,outputs\conditions\severity_3\images\val\000000000612.png,640,480,213.3705723849826,11,1,0,1,11,0.0,0.46613064408302307
000000000612,4,outputs\conditions\severity_4\images\val\000000000612.png,640,480,179.17963531388176,11,1,0,1,11,0.0,0.2772313356399536
000000000612,5,outputs\conditions\severity_5\images\val\000000000612.png,640,480,136.63414056386947,11,0,0,0,11,0.0,
000000000620,0,outputs\conditions\severity_0\images\val\000000000620.png,480,640,709.2305401261648,2,2,1,1,1,0.5,0.4723833203315735
000000000620,1,outputs\conditions\severity_1\images\val\000000000620.png,480,640,117.1727328022321,2,1,1,0,1,0.5,0.646586000919342
000000000620,2,outputs\conditions\severity_2\images\val\000000000620.png,480,640,60.6679866798295,2,0,0,0,2,0.0,
000000000620,3,outputs\conditions\severity_3\images\val\000000000620.png,480,640,59.585138147470694,2,0,0,0,2,0.0,
000000000620,4,outputs\conditions\severity_4\images\val\000000000620.png,480,640,27.1632887046708,2,0,0,0,2,0.0,
000000000620,5,outputs\conditions\severity_5\images\val\000000000620.png,480,640,35.37411788834466,2,1,0,1,2,0.0,0.3385922610759735
000000000623,0,outputs\conditions\severity_0\images\val\000000000623.png,375,500,667.7716376632889,4,4,2,2,2,0.5,0.5076541900634766
000000000623,1,outputs\conditions\severity_1\images\val\000000000623.png,375,500,127.57693157543827,4,4,2,2,2,0.5,0.4716704934835434
000000000623,2,outputs\conditions\severity_2\images\val\000000000623.png,375,500,60.74392012276623,4,3,1,2,3,0.25,0.4363437493642171
000000000623,3,outputs\conditions\severity_3\images\val\000000000623.png,375,500,34.83800787999289,4,3,1,2,3,0.25,0.5107491413752238
000000000623,4,outputs\conditions\severity_4\images\val\000000000623.png,375,500,39.82829379410488,4,1,1,0,3,0.25,0.6383448243141174
000000000623,5,outputs\conditions\severity_5\images\val\000000000623.png,375,500,24.810808055210664,4,1,1,0,3,0.25,0.34751030802726746
000000000625,0,outputs\conditions\severity_0\images\val\000000000625.png,640,446,2431.2706107721037,4,4,4,0,0,1.0,0.8882812559604645
000000000625,1,outputs\conditions\severity_1\images\val\000000000625.png,640,446,320.6905196484771,4,4,4,0,0,1.0,0.9016465544700623
000000000625,2,outputs\conditions\severity_2\images\val\000000000625.png,640,446,193.35260238539766,4,4,4,0,0,1.0,0.8505672365427017
000000000625,3,outputs\conditions\severity_3\images\val\000000000625.png,640,446,148.84538112083854,4,3,3,0,1,0.75,0.8211233417193095
000000000625,4,outputs\conditions\severity_4\images\val\000000000625.png,640,446,79.15602461570963,4,3,3,0,1,0.75,0.5856777528921763
000000000625,5,outputs\conditions\severity_5\images\val\000000000625.png,640,446,64.14272726604709,4,3,2,1,2,0.5,0.4816039601961772
000000000626,0,outputs\conditions\severity_0\images\val\000000000626.png,640,480,686.0715689145298,2,2,2,0,0,1.0,0.8395379781723022
000000000626,1,outputs\conditions\severity_1\images\val\000000000626.png,640,480,73.10180217741862,2,2,2,0,0,1.0,0.8680312931537628
000000000626,2,outputs\conditions\severity_2\images\val\000000000626.png,640,480,54.10411781802707,2,2,2,0,0,1.0,0.7710771560668945
000000000626,3,outputs\conditions\severity_3\images\val\000000000626.png,640,480,24.11869377643797,2,2,2,0,0,1.0,0.6646461188793182
000000000626,4,outputs\conditions\severity_4\images\val\000000000626.png,640,480,23.66856445133422,2,0,0,0,2,0.0,
000000000626,5,outputs\conditions\severity_5\images\val\000000000626.png,640,480,20.421129537698953,2,0,0,0,2,0.0,
000000000629,0,outputs\conditions\severity_0\images\val\000000000629.png,640,427,5310.939246886755,1,1,1,0,0,1.0,0.9387120604515076
000000000629,1,outputs\conditions\severity_1\images\val\000000000629.png,640,427,677.1403074413215,1,1,1,0,0,1.0,0.9264149069786072
000000000629,2,outputs\conditions\severity_2\images\val\000000000629.png,640,427,437.27218790186413,1,1,1,0,0,1.0,0.8860597014427185
000000000629,3,outputs\conditions\severity_3\images\val\000000000629.png,640,427,269.2968277488423,1,1,1,0,0,1.0,0.7873308062553406
000000000629,4,outputs\conditions\severity_4\images\val\000000000629.png,640,427,176.80262658345066,1,1,1,0,0,1.0,0.5362536311149597
000000000629,5,outputs\conditions\severity_5\images\val\000000000629.png,640,427,148.43573797709894,1,2,1,1,0,1.0,0.47149257361888885
000000000634,0,outputs\conditions\severity_0\images\val\000000000634.png,427,640,948.7062249336517,6,8,6,2,0,1.0,0.561931736767292
000000000634,1,outputs\conditions\severity_1\images\val\000000000634.png,427,640,224.14983465584902,6,6,6,0,0,1.0,0.6767270366350809
000000000634,2,outputs\conditions\severity_2\images\val\000000000634.png,427,640,105.89220598637915,6,3,3,0,3,0.5,0.4847701092561086
000000000634,3,outputs\conditions\severity_3\images\val\000000000634.png,427,640,78.46224011381842,6,2,1,1,5,0.16666666666666666,0.7129077911376953
000000000634,4,outputs\conditions\severity_4\images\val\000000000634.png,427,640,41.878035593453326,6,2,2,0,4,0.3333333333333333,0.46314357221126556
000000000634,5,outputs\conditions\severity_5\images\val\000000000634.png,427,640,58.551551522248246,6,2,1,1,5,0.16666666666666666,0.3408973217010498
000000000636,0,outputs\conditions\severity_0\images\val\000000000636.png,480,640,964.2347630045148,1,1,1,0,0,1.0,0.90691077709198
000000000636,1,outputs\conditions\severity_1\images\val\000000000636.png,480,640,203.0947853183323,1,1,1,0,0,1.0,0.880657434463501
000000000636,2,outputs\conditions\severity_2\images\val\000000000636.png,480,640,169.4089543618096,1,2,1,1,0,1.0,0.7704685926437378
000000000636,3,outputs\conditions\severity_3\images\val\000000000636.png,480,640,110.7149441724989,1,2,1,1,0,1.0,0.7698289453983307
000000000636,4,outputs\conditions\severity_4\images\val\000000000636.png,480,640,36.46675543635686,1,1,0,1,1,0.0,0.7411924600601196
000000000636,5,outputs\conditions\severity_5\images\val\000000000636.png,480,640,53.0655728785197,1,0,0,0,1,0.0,
000000000641,0,outputs\conditions\severity_0\images\val\000000000641.png,640,428,3546.1147455553005,12,4,2,2,10,0.16666666666666666,0.44275444746017456
000000000641,1,outputs\conditions\severity_1\images\val\000000000641.png,640,428,599.2102737684513,12,3,2,1,10,0.16666666666666666,0.5339037378629049
000000000641,2,outputs\conditions\severity_2\images\val\000000000641.png,640,428,354.0215606724637,12,1,1,0,11,0.08333333333333333,0.8248939514160156
000000000641,3,outputs\conditions\severity_3\images\val\000000000641.png,640,428,159.80315777728902,12,1,1,0,11,0.08333333333333333,0.8810774683952332
000000000641,4,outputs\conditions\severity_4\images\val\000000000641.png,640,428,240.80494403678847,12,1,1,0,11,0.08333333333333333,0.7742637991905212
000000000641,5,outputs\conditions\severity_5\images\val\000000000641.png,640,428,114.21523072237986,12,2,1,1,11,0.08333333333333333,0.32999110221862793
000000000643,0,outputs\conditions\severity_0\images\val\000000000643.png,500,375,1194.325522716985,20,3,3,0,17,0.15,0.6622039874394735
000000000643,1,outputs\conditions\severity_1\images\val\000000000643.png,500,375,164.87690903241958,20,1,1,0,19,0.05,0.8877597451210022
000000000643,2,outputs\conditions\severity_2\images\val\000000000643.png,500,375,92.74370162915555,20,2,2,0,18,0.1,0.5470134019851685
000000000643,3,outputs\conditions\severity_3\images\val\000000000643.png,500,375,64.84125014115556,20,1,1,0,19,0.05,0.8523542284965515
000000000643,4,outputs\conditions\severity_4\images\val\000000000643.png,500,375,83.65480870328888,20,1,1,0,19,0.05,0.727988064289093
000000000643,5,outputs\conditions\severity_5\images\val\000000000643.png,500,375,33.97383202542934,20,1,1,0,19,0.05,0.3728101849555969
000000000650,0,outputs\conditions\severity_0\images\val\000000000650.png,640,427,643.671140637777,2,2,2,0,0,1.0,0.7030257880687714
000000000650,1,outputs\conditions\severity_1\images\val\000000000650.png,640,427,118.97496206793367,2,3,2,1,0,1.0,0.4872648020585378
000000000650,2,outputs\conditions\severity_2\images\val\000000000650.png,640,427,77.6687764612236,2,2,2,0,0,1.0,0.7010002732276917
000000000650,3,outputs\conditions\severity_3\images\val\000000000650.png,640,427,96.03799753048523,2,2,2,0,0,1.0,0.6419495344161987
000000000650,4,outputs\conditions\severity_4\images\val\000000000650.png,640,427,21.56181545393164,2,2,2,0,0,1.0,0.30497974157333374
000000000650,5,outputs\conditions\severity_5\images\val\000000000650.png,640,427,16.994300122571502,2,2,1,1,1,0.5,0.3520861119031906
